"time" "MAK" "HER" "WHK" "BLF" "WPF" "SUF" "WIF" "WTF" "FOU" "HAL" "PLA" "FLA" "BFT" "TUN" "BIL" "MPF" "BUT" "BPF" "ANC" "GOO" "MEN" "FDE" "COD" "SHK" "OHK" "POL" "RHK" "BSB" "SCU" "TYL" "RED" "OPT" "SAL" "DRM" "STB" "TAU" "WOL" "SDF" "FDF" "HAD" "YTF" "DOG" "SMO" "SSH" "DSH" "BLS" "POR" "PSH" "WSK" "LSK" "SK" "SB" "PIN" "RWH" "BWH" "SWH" "TWH" "INV" "LSQ" "ISQ" "SCA" "QHG" "CLA" "BFF" "BG" "LOB" "BMS" "NSH" "OSH" "ZL" "BD" "MA" "MB" "SG" "BC" "ZG" "PL" "DF" "PS" "ZM" "ZS" "PB" "BB" "BO" "DL" "DR" "DC" "DIN" "PelDemRatio" "PiscivPlankRatio" "DivCount" "InfEpiRatio" "BSSslope" "HabitCover"
0 348686.362057 355429.942797 64199.830108 128590.560742 15646.866927 109821.173795 105491.434038 59456.867473 13086.755253 53397.189149 59315.062681 1698.979775 23393.473963 448479.607756 59364.601765 1661.015607 96197.035481 229656.869824 265550.21808 86763.500447 3351278.615442 72994.004892 81843.718272 468101.700047 5219.941399 247295.383633 145475.564555 38873.926942 91572.944119 11780.548937 116462.250145 32579.665647 5580.343107 389488.239499 271961.059037 729.193513 5096.129455 3097977.945995 623561.925479 148302.578011 99318.24566 272079.999302 92844.890844 12067.743012 432050.637121 2366.398925 17395.836285 147848.250122 508070.768196 416164.655166 138215.024205 1487.880977 1722.399425 14803.94018 59583.725855 9872.136749 5641.930958 1916.129753 13932.992016 9984.292356 225479.999998 3999999.999968 6688270.941798 15347123.986184 5020477.35366 260999.999997 722763.13284 45019.339673 89863.904477 823134.928186 3752440.684908 53524.928353 0 20571.616115 6006714.342678 1357288.844531 3777969.218999 616095.117616 4006014.053935 882400.643015 3476921.936657 9161.840286 608869.228836 60255023.496072 15052391.318573 60209.565274 0 329357996.662675 0 0 0 0 818.77632 4.116939
73 346758.25812 365936.448607 64037.641145 126413.892436 15760.003616 120850.806755 99378.385049 59399.876397 13201.996846 53822.834441 59616.314935 1859.3406 28545.881074 669933.203657 76370.983846 1693.735355 115318.546106 237682.60089 270124.206213 88923.68596 3359753.144119 69918.045545 77945.209607 515091.644401 5516.215079 230201.543187 167086.097148 38875.143782 98717.308234 11710.202294 116450.068344 33047.914752 5655.457677 379497.955297 271840.144874 728.55718 4449.805727 2735954.960092 554833.165036 142924.844549 92572.43969 274497.490092 96671.881325 12262.77267 459947.697989 2364.882815 17079.446622 155127.946819 514066.56249 464089.309552 138602.075288 1380.29948 1722.399643 11763.488557 40971.873764 9871.153802 5641.921929 1738.7967 12930.058526 9270.34016 224238.228868 3997390.427977 6674444.01768 15328568.828255 5213008.256459 262411.941883 725163.449483 47671.623383 93604.646985 866395.870556 3745546.304958 0.000301 0.065279 27957.560941 6008846.271834 1353516.522419 4678877.00245 478277.763991 3127620.345671 1036182.711438 2192080.87072 63223.910633 800991.455887 60228300.39851 89938.475994 2406983.48324 0 340902200.925977 0.392569 2.808276 67.5 1.870307 627.324263 1.545303
146 344892.541105 375189.820969 63867.296345 124878.640737 15882.26088 120462.222757 100898.168721 55628.173663 13317.000087 54233.940567 55634.089044 2010.020867 28148.302463 664089.860063 76218.543765 1725.488987 112428.059669 226983.367021 257214.734672 92072.184202 3370690.044448 72717.293263 80403.612502 565712.243236 5795.138104 233375.635682 187415.609474 38944.728277 106879.307724 11638.228182 112975.473902 28911.382658 5729.838062 402442.462602 271718.36326 728.342005 4519.488736 2775857.946302 563207.658613 155410.491744 97306.598286 277826.875993 101035.820183 12475.156157 490704.96656 2363.432188 16787.641028 160062.632521 516262.506041 493842.042998 139016.457143 1287.444179 1722.398726 9980.43799 31672.501546 9870.111619 5641.911514 1778.940036 12018.485705 8658.283646 223104.721418 3996594.846433 6665234.178154 15314613.800297 5239711.975018 263688.75618 727602.228135 50276.254463 97851.051873 929872.442737 3739319.958665 0.000301 0.074978 76237.831557 6011089.001586 1349315.485267 4583536.553644 412609.66608 3806612.264376 1236363.031083 2525144.472714 48664.630601 756532.971821 60213652.837907 120104.826442 2070147.385437 0 351617999.265009 0.379356 2.047985 69.590909 1.866277 514.265811 1.620606
219 343747.675112 387733.273845 59294.204436 112680.546385 14645.615111 120627.062838 104320.515445 55568.732812 12478.439098 50730.494509 55714.85773 1913.587548 26174.980181 625598.169659 72026.83254 1549.08937 161133.125358 250695.501959 277252.212162 96100.383044 3396097.893829 76635.165822 83781.340868 569303.087774 5109.513535 236522.929999 168676.193307 35692.02902 104998.044807 10337.348353 135226.334315 29624.143742 5835.313434 351689.459026 253492.616685 631.767128 4587.124654 2828689.124813 568710.901728 169019.278228 105587.537823 245077.407175 94800.405155 11189.521272 467956.337861 2362.039271 16517.602904 165594.998689 461584.121044 424847.377246 128233.612645 1159.67467 1850.792525 8175.9175 23811.224351 9868.309266 5641.896668 1815.814704 10653.128334 7742.506095 222343.338121 3994210.289746 6651660.169262 15292236.085414 5305859.636957 265743.028409 731308.879979 53364.624683 105293.300295 1045551.285513 3730543.312621 0.000301 0.077793 49011.445586 6013874.474417 1341216.108622 3366122.069443 363921.717417 4369576.804241 1684947.551856 3550381.455895 55466.156865 707912.766551 60223312.657897 161347.343846 2817777.647047 0 368918580.223864 0.387431 1.992756 69.772727 1.866062 412.837334 1.567439
292 341483.126391 336793.485396 60657.666678 116569.81061 14952.516939 109511.002264 107238.425658 57013.84085 12493.462242 51111.370488 56315.740677 2114.412364 25915.063788 621602.715469 71884.776569 1633.683507 217294.262415 273625.751175 293354.519721 89487.57105 3007688.513884 81163.89685 87669.758949 700820.672834 5686.387994 240190.356366 198847.988072 36850.636199 128825.84407 10341.085056 135366.671681 30379.443505 5243.719169 399650.451085 282843.783679 645.237369 4665.899009 2889566.837457 574555.100811 184892.987668 114733.764962 252080.628592 105467.708981 11693.243472 540343.165878 2149.585157 14956.888647 135667.09767 474625.325357 450766.361167 128557.279357 1391.718362 1884.511679 6649.995607 18334.964638 9855.128919 5635.574267 1857.423267 9173.943976 6720.731651 221769.476459 3992672.939479 6638684.070065 15269084.41763 5404805.584828 268341.490048 735835.12291 57221.357038 114965.490929 1246159.868567 3719154.831853 0.000301 0.079468 7868.335835 6017320.613058 1331869.205677 5193825.610177 417165.652225 5217344.284475 2258716.353076 4005734.771997 62125.916369 666105.007676 60245528.796246 174437.938572 3979733.495061 0 393595944.535332 0.276305 3.897023 65.727273 1.86466 312.505602 1.497803
365 342500.775248 343406.256729 62126.026595 116010.353881 15277.472163 109059.061854 109672.576305 57451.637352 12706.128169 51971.67875 56836.044776 2336.070492 25915.063788 621602.715469 71884.776569 1698.728239 253502.593378 290413.263582 304883.555091 92953.119954 3567774.140974 84663.613099 91695.869474 810308.547167 6133.975276 243983.691633 226634.970657 37229.425742 142727.329133 10297.413432 135629.127027 31135.946842 5431.519474 428774.05667 285975.920018 649.639455 4749.578358 2939675.991327 579949.644878 200991.378663 122830.54015 257614.098752 111687.367969 12021.988543 587325.283488 2149.585157 14956.888647 135667.09767 485604.289601 481239.573144 130700.90413 1391.718362 1884.509416 6529.118974 17913.690944 9854.33442 5635.56966 1892.316221 44626.346777 13546.33487 220907.609461 3992035.904096 6629837.914158 15253974.065534 5472817.688231 270510.263308 739808.430367 73995.558764 192217.123466 1429687.653194 3709042.820263 0.000301 0.080248 1612.143837 6020788.678349 1326107.790869 5130430.397847 547911.352677 3669834.0881 2644483.0482 2999535.289628 36104.692492 632711.293609 60259358.339208 108163.014646 3848359.066432 0 411503933.729837 0.294776 5.518205 60.363636 1.861834 300.923096 1.487277
438 343129.912055 362223.015658 62173.236989 114411.042073 15426.784181 108872.903521 99092.572847 57415.968908 12852.935883 52614.573272 57257.906293 2488.906673 29910.769505 707213.30897 83557.062857 1751.14579 275196.107666 302536.245824 311307.62638 99285.353795 3665000.638035 73881.317139 81419.1004 888972.227735 6479.020168 224091.161799 248085.579729 37295.875361 151408.153405 10237.967006 135926.590678 31740.215148 5569.74147 437666.605435 285902.96564 650.378478 4291.177669 2657380.018694 542964.37191 166704.597554 103935.055092 261364.482403 115567.15568 12239.309829 618384.586843 2149.585157 14956.888647 135667.09767 493052.28992 499652.720827 131328.058444 1391.718362 1884.509103 6529.118974 17913.690944 9854.33442 5635.56966 1747.381631 40489.497847 12086.51022 219762.797519 3990329.55578 6620499.874355 15241125.798074 5497643.827266 271727.085612 742648.682771 71407.372999 178685.867712 1565153.539766 3703666.418866 0.000301 0.080642 900.629614 6024048.662481 1322214.218225 5334211.399104 598129.686772 3116744.017605 2822200.439528 2340218.171997 25969.608821 600054.701425 60266265.017065 83865.130346 2874913.167996 0 420812636.92936 0.305553 4.750625 61.772727 1.861037 297.657593 1.484842
511 343498.124048 382125.779873 62205.356382 113584.167764 15585.217037 108793.933463 100013.061828 56731.21475 12998.610325 53232.001443 54633.515598 2631.902841 38974.445008 809348.484969 110055.202295 1801.25579 226834.982077 259002.122254 274859.811793 105026.617766 3769160.086239 77619.73919 84210.282516 972759.812999 6799.93593 227868.751572 268249.826097 37434.262576 161291.799903 10175.991791 133943.238807 28471.842281 5697.034005 453894.59088 285828.561067 651.596257 4374.639155 2707138.143169 549546.650305 179028.206159 105788.313439 265232.263667 119980.438809 12475.712998 652535.288371 2149.585157 14956.888647 135667.09767 495629.825236 513416.826587 131976.587554 1417.990191 1884.508576 6913.230314 18275.898578 10126.877284 5792.014011 1785.169916 36955.13849 10923.777213 218680.097516 3990123.929824 6614282.634987 15230332.40638 5527699.753748 272786.699355 745427.688305 69325.921484 167542.454037 1730110.370805 3698816.239387 0.000301 0.080376 1197.094567 6027107.011305 1318040.168719 5054288.113517 516917.322019 3770245.05628 3004318.184356 2558774.490165 36503.302408 567770.066091 60287082.702218 117208.607024 2387389.144288 0 430106968.232014 0.36359 2.002981 67.727273 1.860179 318.465168 1.484328
584 345458.791891 408860.823165 58872.66085 101899.738641 14222.645862 110219.091812 103671.052102 56691.80936 12461.851497 51016.300335 54390.084696 2420.684418 37994.174936 797751.215551 109211.224386 1567.0346 274061.652887 291788.762344 298289.710391 112120.066423 3924240.12192 82728.324307 88546.592624 933030.015913 5664.864047 231850.714272 227065.182508 33744.469263 145398.458649 9812.067112 135054.111252 29338.872402 5860.069595 377038.519141 281059.145014 595.071879 4462.195522 2776495.756438 556603.377312 192417.211349 114098.805354 248951.754943 105857.445994 11022.743084 580931.810021 2192.807953 15132.587617 145775.494989 457609.910494 428259.426468 122771.321235 1256.873069 1883.328281 6099.545733 15645.751653 10125.014991 5791.998825 1829.34113 31957.379131 9269.199581 217988.388656 3988404.231259 6604121.089836 15211915.653811 5600007.726482 274476.973093 749536.046951 67193.911686 154230.231237 2016853.729751 3692883.96346 0.000301 0.080723 302.397479 6030703.776021 1310483.877115 3631055.539757 465822.744561 4352159.865379 3332536.026777 3468029.028264 54490.876576 533048.084179 60353853.47061 158298.755929 3044898.572779 0 447154996.554981 0.402764 1.930599 70.045455 1.858766 282.365828 1.481225
657 337388.281076 365243.663438 57802.188916 106737.360901 14515.784629 104107.835902 106894.155589 56026.986246 12473.210462 51332.737925 55061.694474 2599.921812 37457.180024 791144.780545 108899.431311 1664.52998 329023.779023 324196.545506 318307.161067 94198.639402 3855828.981597 88669.226498 93560.45671 1121606.881168 6258.256664 236438.89581 257703.25095 35125.626941 173685.908167 9796.156898 135498.780872 30296.274728 5555.178789 409001.054281 280847.586824 610.914824 4564.176263 2856633.641397 564689.140597 208080.137761 123344.021152 257872.023821 116833.858427 11593.788686 661555.409443 2176.91679 14901.238612 132562.333915 473948.130107 445323.431846 123420.895136 1486.401434 1883.321237 5271.856944 13258.775915 10107.368983 5783.173773 1879.493419 27046.846576 7584.098668 217482.335073 3987258.744762 6593718.36447 15190723.93993 5708637.657931 276551.623659 754456.354245 65472.42411 142587.59116 2417083.051608 3684425.777064 0.000301 0.081497 10.418463 6034796.469635 1301480.69696 5322284.643338 507620.948333 5227065.277711 3638603.874779 3915979.637352 61574.077422 503304.682706 60434373.572821 174176.69531 4179180.134555 0 471851309.326572 0.301825 4.325058 65.727273 1.855794 224.728817 1.478552
730 341296.053936 386717.032774 58672.98533 106641.138448 14883.897735 104961.952594 109595.338575 56074.542451 12718.11384 52600.120679 55751.603861 2794.365939 37457.180024 791144.780545 108899.431311 1754.77831 364425.759092 347889.480612 332446.760304 100822.14755 4043547.366102 93270.832496 98774.463043 1284649.731589 6755.227693 241137.65789 286096.675298 35632.697707 190248.354235 9774.54198 136059.370486 31257.927803 5730.460315 430376.557391 280353.526261 617.805681 4672.548984 2922140.114153 572002.769501 224002.353031 131570.161371 264993.737205 123285.478703 11965.541364 713930.010102 2176.91679 14901.238612 132562.333915 487800.729864 467514.407234 125601.774512 1486.401434 1883.320111 5202.02653 13054.093351 10106.555379 5783.169046 1921.588738 53839.254236 13344.059539 216666.291808 3986863.195281 6586632.470972 15175652.076942 5780268.847298 278149.648348 758664.612267 61809.568216 186589.672417 2741490.427626 3675482.970315 0.000301 0.081855 0.532209 6038673.139166 1295803.693496 5149185.614681 664607.102452 3684310.575645 3840078.011444 2944537.633999 36192.076934 479423.594205 60483998.405988 109263.489535 4039317.57773 0 489715130.44045 0.29421 6.000764 60.318182 1.853591 214.756251 1.477017
803 343892.963856 425189.333689 58931.359084 105327.348202 15073.478974 106018.818534 98129.270231 56074.748842 12896.989101 53560.676026 56319.204642 2930.875254 43267.45505 896106.447355 127101.532249 1826.438884 385466.23049 364878.390628 340030.532356 110485.77984 4156971.182913 79607.538682 87821.424086 1402017.293939 7136.323018 216885.370982 307968.384392 35777.691157 200513.826998 9731.44804 136587.046674 32024.393872 5866.403005 437485.07089 279954.03848 620.3265 4120.332163 2576818.652908 526239.680897 185003.979781 111781.580172 269898.428119 127280.431467 12209.155513 748297.657483 2176.91679 14901.238612 132562.333915 497267.653326 481899.541222 126592.606162 1486.401434 1883.320595 5202.02653 13054.093351 10106.555379 5783.169046 1745.202177 45746.759655 11258.389501 215540.237144 3985263.173692 6578429.907893 15162597.744846 5803049.583737 278903.054088 761609.135209 60016.469741 169226.854443 2960418.256348 3670727.712827 0.000301 0.082232 0.116243 6042136.58872 1291981.518278 5262752.764063 680244.140542 3116800.453563 3795564.9868 2282589.885966 25971.016319 456021.162752 60513981.491834 84272.868283 3033099.616142 0 498645929.634866 0.304785 6.089668 61.681818 1.853594 210.291949 1.475566
876 345822.898862 464970.970369 59163.154446 104914.385799 15273.60748 107322.380284 98599.932674 55591.07304 13074.752027 54483.70272 53337.880914 3059.080344 55838.937655 1020378.612174 166193.350006 1894.730993 301457.382474 298062.540556 288859.892101 119337.947943 4273747.083809 84113.189263 91159.942618 1526483.009762 7488.864507 221415.005362 328561.427988 36006.37914 212286.322503 9684.907497 133631.670609 28108.995008 5987.304529 450170.223029 279569.416645 623.444217 4227.402534 2639823.196369 534543.497787 197235.036003 111354.504973 275266.37054 131830.725774 12475.112981 786166.170673 2176.91679 14901.238612 132562.333915 502551.96629 493334.79193 127606.501498 1499.221882 1883.32085 5607.136047 13637.97516 10372.828545 5936.207484 1788.80368 39405.587852 9712.652353 214469.572463 3985114.656469 6573076.765421 15151143.546245 5830677.668473 279499.056609 764506.641958 58423.004493 155231.137504 3205860.737338 3666324.525567 0.000301 0.082435 0.054861 6045356.622746 1287994.681501 4925397.107403 596939.145864 3770308.471452 3756179.212867 2500150.369007 36490.807743 432816.411142 60557090.434646 117907.744269 2529735.708575 0 507414054.856092 0.370198 2.14398 67.636364 1.853524 231.274959 1.474712
949 334997.114385 517738.550155 55489.521291 93896.536896 13758.331307 111446.785812 102589.850201 55585.921738 12422.341506 51918.821399 52920.847501 2771.008925 53986.761304 1003703.803035 164869.572105 1591.051146 343617.764369 341225.219735 317991.200299 130105.009926 4445132.747871 90284.672692 96562.559688 1382800.705674 6205.384424 226173.700639 274179.787143 32409.071248 188172.929159 9287.632402 135812.595302 29177.552482 6136.664038 369153.184835 272476.419719 559.679248 4340.000216 2728048.013256 543891.654491 210520.902906 119475.207603 259284.666999 116058.419043 10935.990821 694011.541115 2220.064542 15068.739833 143713.952717 464821.33236 412268.790638 117906.137967 1339.90874 1882.382306 5098.645213 12229.634276 10370.933482 5936.190067 1839.426612 31399.836013 7720.48421 213811.254184 3983478.060975 6564124.461194 15132733.075818 5903581.629569 280530.619244 768854.704664 57026.566812 141550.413474 3618603.159876 3666410.345262 0.000301 0.083184 0.001845 6049144.645098 1281067.046326 3461306.69643 543090.822297 4352221.966531 3852248.208302 3415508.290398 54434.665789 407704.501221 60659352.243573 159140.012358 3183743.756559 0 524116850.435928 0.41331 2.06293 69.954545 1.853133 218.515669 1.472809
1022 348055.956815 464006.44309 53768.145061 99922.842074 14070.777439 107885.363188 106097.371894 54581.368954 12429.05215 52372.149412 53775.247276 2922.121403 52927.25447 993849.213182 164141.758749 1714.208434 392264.253045 383771.099774 342478.909109 110270.43379 4201852.436037 97463.066979 102800.251795 1540594.26543 6839.190767 231644.318733 305039.446779 34023.701239 220988.083076 9300.579496 136803.867136 30356.660039 5689.919983 396778.775577 272315.710313 581.105958 4471.128536 2829982.198992 554648.551351 226080.10207 128506.678015 270637.834213 127231.281528 11577.960055 782672.229914 2208.759558 14869.594221 130500.463227 486978.775661 427620.377122 119169.453229 1573.67783 1882.376879 4540.145509 10810.070725 10351.999074 5926.648251 1896.879433 24649.242229 5958.020381 213343.765469 3982358.640925 6554947.472523 15111326.690911 6013987.215257 281710.405784 774047.956968 56401.204495 131645.518361 4140085.895893 3668530.007495 0.000301 0.083915 0.000301 6053410.550548 1272875.613777 5125800.135178 581759.635125 5227144.357961 3936912.096665 3884816.935731 61500.550171 386214.914552 60776153.956443 175070.423238 4317645.921413 0 548560757.568118 0.298117 4.556519 65.590909 1.851326 176.049885 1.470558
1095 356962.193327 512980.56947 54989.896269 100311.770646 14508.825794 111118.829216 109035.739343 54680.625765 12719.238128 54163.647351 54653.07205 3089.876597 52927.25447 993849.213182 164141.758749 1828.694618 423383.749584 414704.82516 359178.216231 119256.170346 4460778.005821 103013.738969 109280.413501 1678567.36207 7369.358316 237253.756318 333670.980312 34657.1347 240137.584023 9307.196872 138078.774082 31540.518833 5876.923498 415177.255809 271801.25318 591.309956 4610.05081 2912790.798354 564069.210766 241862.683554 136551.879827 279709.240845 133803.83803 11992.49378 839994.511842 2208.759558 14869.594221 130500.463227 505819.64191 446986.16002 121996.485069 1573.67783 1882.37642 4491.665776 10683.161041 10351.185087 5926.643442 1945.062953 50225.873394 12298.659717 212553.081639 3981961.765066 6548888.359707 15095347.804478 6083732.652136 282356.683495 778422.565614 60279.551121 178445.915038 4459132.00654 3667701.57273 0.000301 0.08408 0.000301 6057401.578672 1267675.777759 4954554.811868 736537.077474 3684364.535173 3868394.368649 2931805.136129 36262.753845 368830.432298 60847838.551513 110162.961973 4168808.382725 0 566074939.88034 0.295772 6.708155 60.272727 1.850169 165.897454 1.469011
1168 359942.595124 578891.10764 55475.607447 99303.201983 14742.441444 113828.423437 96821.487986 54733.938488 12930.278459 55524.250293 55382.615114 3207.472327 60281.05851 1122782.858007 190553.812261 1919.498478 441718.7097 436783.54521 367641.408949 133717.730035 4593031.230696 86256.553909 97040.749258 1778376.737673 7775.607905 209483.534811 355720.079395 34881.389414 251931.362108 9284.988505 139287.692021 32485.279725 6020.822763 421543.533046 271379.59334 596.046654 3961.765761 2499607.870717 509248.781771 199876.073461 116680.130304 286031.25353 137869.077668 12263.152982 877524.432036 2208.759558 14869.594221 130500.463227 518854.022079 459651.648396 123372.133222 1573.67783 1882.3774 4491.665776 10683.161041 10351.185087 5926.643442 1743.916031 40042.16496 9626.154335 211436.332222 3980376.569295 6541486.380819 15081566.332947 6102201.896902 282354.533067 781427.195718 57671.807143 155212.753748 4610557.217402 3667845.228301 0.000301 0.084398 0.000301 6060891.566803 1264130.818961 5091599.926743 750732.387716 3116856.886584 3591003.148073 2283519.311576 26051.324201 351668.897114 60892347.092309 84797.799613 3145387.092921 0 574558725.774601 0.309477 6.868274 61.636364 1.851043 160.240566 1.467524
1241 361972.764256 645561.34059 55921.002785 99306.94803 14988.103192 116968.648857 96878.890912 54295.949842 13140.41058 56831.575695 52028.579042 3318.633786 69236.191592 1223491.930717 237512.498449 2005.914934 332261.737052 347095.109008 303244.336003 147071.090909 4722761.224199 91408.672966 100877.41397 1882132.659727 8150.810355 214776.057843 376507.496378 35202.117831 265567.012914 9258.067222 135933.495347 27853.187668 6143.156714 432733.663113 270971.363815 601.524338 4097.324996 2577360.862699 519390.787082 212049.887649 113681.301898 293126.299436 142504.209861 12559.469901 918956.863861 2208.759558 14869.594221 130500.463227 527515.979333 470047.487902 124773.867394 1577.726826 1882.378138 4888.62794 11301.889101 10609.966781 6075.566978 1792.324924 32873.831047 7860.043234 210373.374731 3980210.620453 6536723.37337 15069167.556447 6125133.227666 282202.540994 784407.430105 55439.433572 137185.23403 4765237.364749 3668601.932938 0.000301 0.084778 0.000301 6064131.411254 1260468.285803 4781441.016497 666028.707686 3770371.884861 3367721.789904 2514826.861385 36511.285484 334577.262154 60949320.268753 118707.773532 2639510.927289 0 582844366.914899 0.382763 2.372383 67.590909 1.851815 179.586905 1.466606
1314 348073.377074 732455.876574 52716.781091 88785.007668 13399.219486 124581.801439 101185.982651 54341.446018 12366.241765 53923.468359 51476.666032 2961.548991 64714.879057 1160827.8272 224462.773967 1632.088668 367679.474215 399388.301955 339017.157964 163175.855119 4915349.705133 98495.102681 107231.323279 1673793.495994 6715.073613 220335.480341 312397.332132 31665.638924 232755.081784 8785.360508 139395.791178 29135.324515 6286.502309 354623.52718 262125.434635 531.910408 4240.292182 2686569.986836 530943.687624 225275.079524 121213.684191 276564.793859 125199.991234 10938.433147 805634.18533 2251.950084 15025.300284 142648.091644 487642.337846 394561.538246 114764.979255 1429.844299 1881.600904 4522.736577 10384.37224 10608.071197 6075.546833 1848.45673 25481.228213 6023.671712 209746.435198 3978565.339479 6528621.597963 15050393.845885 6193422.280731 282428.17752 788927.437742 53141.326433 118768.160744 4992524.602019 3675115.379928 0.000301 0.08562 0.000301 6067969.072986 1254167.422588 3344051.285566 610143.365972 4352284.067443 3298065.662909 3451831.898427 54521.162294 316038.611892 61073907.019722 160149.730513 3300290.33762 0 599222641.73315 0.423669 2.31011 69.909091 1.852402 180.081233 1.464722
1387 359038.110547 653249.8731 50468.561876 96273.000929 13743.556915 122139.251277 104960.385121 53093.931635 12358.982046 54632.830602 52519.226433 3086.322671 62954.42495 1131289.879462 218770.135669 1779.917184 408159.133581 451267.50387 369521.041077 139705.300727 4565487.186608 106736.016814 114557.101041 1796384.68426 7378.280123 226709.496364 342743.730385 33489.453948 269832.980888 8832.600786 141315.07691 30548.617268 5746.103404 380960.427453 262231.987283 559.796906 4406.744165 2812618.640002 544120.739094 240750.79904 129571.592818 290696.732524 136470.938985 11650.58539 901803.398978 2241.403289 14833.048876 129205.238333 516468.062463 409063.766924 116642.314425 1675.606504 1881.596795 4101.173235 9401.159859 10587.778297 6065.226553 1912.160826 20182.346114 4661.401398 209317.064352 3977374.111265 6520393.88839 15028561.609985 6299247.264007 282718.898762 794323.027324 51574.489619 105516.971613 5248785.558974 3684067.170144 0.000301 0.086191 0.000301 6072287.668056 1246446.296269 5039934.16815 646609.245238 5227223.440666 3267545.63291 3928337.096583 61425.781297 300237.168459 61213360.725869 175394.040292 4427997.450128 0 623378488.164192 0.301802 5.059615 65.590909 1.85159 144.609328 1.462493
1460 368390.306875 713415.252128 52311.581049 97284.197966 14255.245445 127982.790817 108117.601213 53286.71811 12694.840342 57002.870018 53589.903756 3234.0203 62954.42495 1131289.879462 218770.135669 1918.449191 433849.540838 488723.45366 389746.616126 146450.260558 4856387.74324 113092.885617 122161.651128 1904747.293275 7932.426852 233250.634294 370941.456283 34234.592927 291358.279578 8871.148154 143738.824329 31967.549239 5939.891458 397899.113294 261880.179552 573.866019 4582.535007 2914464.636191 555554.995564 256403.413443 137021.861481 301954.078932 143105.260331 12106.745282 963645.799042 2241.403289 14833.048876 129205.238333 541016.121202 426753.274621 120187.045953 1675.606504 1881.597015 4063.901904 9311.495121 10586.974702 6065.221711 1965.547573 47122.993956 11421.452893 208549.58589 3976912.784237 6515208.817742 15011696.605868 6364090.716712 282430.142149 798818.030007 57294.388276 165868.114405 5323711.507519 3688653.342647 0.000301 0.086113 0.000301 6076291.485706 1241352.668389 4903038.570766 799905.581624 3684418.497488 3157544.470692 2972683.065846 36230.778881 287298.23083 61298711.499292 110486.891954 4267749.594049 0 640557498.414059 0.302452 7.629498 60.272727 1.851298 133.657153 1.460908
1533 370791.760976 793545.239378 53281.065054 96668.512856 14536.668815 132298.500862 95189.847803 53422.368826 12938.027969 58808.37923 54485.492743 3337.248927 64344.189343 1228626.489291 237031.711616 2028.424384 448815.199387 515305.3765 399968.124898 167322.157571 5016655.239829 92525.125845 108039.748978 1983373.140982 8357.043987 202605.635919 392666.30174 34527.788066 304511.016359 8872.490217 146008.365422 33101.187604 6091.18749 403860.522633 261573.004961 581.191839 3838.109452 2432783.065667 491595.516524 212385.14395 118131.084773 309849.637798 147203.081387 12403.522967 1004035.048956 2241.403289 14833.048876 129205.238333 558134.240832 438355.840891 121954.72823 1675.606504 1881.598511 4063.901904 9311.495121 10586.974702 6065.221711 1742.094767 35714.76991 8427.116349 207439.439915 3975252.7396 6508369.831202 14997052.507198 6377036.92481 281686.563671 801857.912942 53598.774696 136932.155206 5290765.466793 3692242.91342 0.000301 0.086326 0.000301 6079746.963465 1237780.423438 5064621.65101 813015.977354 3116913.32215 2903693.450879 2324987.097087 25965.683707 274352.811898 61351918.393389 84816.336316 3221186.166623 0 648558227.501521 0.319161 7.87382 61.636364 1.852906 126.805931 1.459346
1606 372467.418904 873930.130151 54188.43703 97209.293667 14831.682779 137171.105142 94761.63235 53021.230952 13180.651754 60541.260552 50797.741148 3435.421508 75206.380419 1286692.23155 285646.48752 2132.981862 317429.208252 400363.816038 322986.44384 186716.499108 5174715.110583 98263.183212 112194.116966 2063017.579771 8748.971083 208639.000485 413173.952812 34929.162775 319836.474881 8867.593955 142519.111529 27721.495375 6213.740421 414251.886756 261271.987484 589.424983 4007.132779 2526453.928459 503574.148705 224505.031282 109929.041663 318720.89235 151879.350334 12729.054943 1048686.513423 2241.403289 14833.048876 129205.238333 570124.069204 448099.094771 123751.921786 1673.002267 1881.599768 4450.564208 9932.04365 10837.338638 6209.487509 1794.582299 28421.908151 6640.861139 206383.077478 3975031.143597 6504134.323482 14983889.206039 6393868.912636 280807.380802 804900.767208 50575.799296 115947.272486 5284058.805673 3696654.959693 0.000301 0.086795 0.000301 6082950.933444 1234084.853354 4776813.021358 727229.341946 3770435.30141 2714854.714248 2562900.166811 36387.078532 261423.074842 61418219.961949 118882.315669 2710998.462058 0 656372637.855324 0.392216 2.705516 67.590909 1.854401 144.380464 1.458355
1679 360329.841005 978060.396407 51474.273795 85050.42008 13185.778861 147944.172431 99359.848976 53145.090356 12284.226167 57122.477956 50084.206592 3031.384823 70885.338845 1189899.390532 264444.14777 1679.718698 346201.387846 460403.824509 362655.304873 210011.250535 5406455.954838 106186.071765 119343.868751 1861720.178177 7170.460943 214983.14279 341935.880513 31351.851799 277874.426836 8314.742163 147211.963612 29229.633293 6350.273833 340375.651195 250651.678879 513.883439 4185.944792 2658274.854697 517288.212474 237661.378257 116898.55493 299745.284784 133138.5478 11023.951381 913651.585229 2284.734011 14976.751663 142260.151609 523587.392388 377838.985609 113439.971776 1538.035241 1880.746533 4164.459773 9264.596168 10835.46746 6209.464004 1855.443439 21930.2673 5043.013748 205786.582162 3973291.596161 6496651.650183 14964645.165038 6453423.469835 280266.639578 809573.752936 47147.246852 94805.292586 5266904.734465 3705967.422887 0.000301 0.087693 0.000301 6086771.385724 1227717.82848 3352297.348298 669659.527097 4352346.171458 2646033.898013 3506904.533435 54495.298321 247437.250423 61557338.486866 160398.498053 3372635.130468 0 672412886.368622 0.427977 2.681062 69.909091 1.855863 154.794098 1.456457
1752 351572.862519 852987.75009 47114.542451 93988.565663 13558.85223 143283.056278 103366.766729 51646.958065 12253.155469 58095.049613 51318.081978 3137.400185 68953.961453 1149469.544443 255330.698881 1848.485916 378818.583643 520417.953471 396709.06371 181567.20554 5031707.99818 115397.600882 127576.814003 1995365.162416 7856.086012 222235.865059 371190.198622 33347.850698 318651.808752 8398.215436 150112.158627 30890.338247 5756.272459 366434.093465 251188.348683 549.054234 4394.043243 2810202.315698 532964.091143 253038.457582 124624.906931 316699.511457 144432.181527 11801.749673 1016429.50985 2274.347816 14786.160765 128570.08742 558932.539976 391789.21338 115898.745945 1799.440139 1880.743682 3823.587238 8519.067433 10813.722481 6198.295047 1924.527662 17769.383585 3987.387965 205393.627302 3971957.887581 6489131.74618 14942415.746816 6549802.609072 279731.795428 815149.757028 44300.277584 80591.578257 5266568.084917 3716261.575329 0.000301 0.088234 0.000301 6091070.080946 1219315.568402 5059875.824914 704376.885782 5227302.527846 2622616.138505 3976179.666543 61303.471003 235712.375473 61711564.499675 175217.219076 4491889.085394 0 696265774.158297 0.308693 5.871851 65.590909 1.855925 123.044622 1.454233
1825 362323.682743 912767.466443 49397.905546 95616.139896 14148.326407 150919.658856 106717.393774 51948.993776 12634.19084 61046.394417 52585.242404 3274.66301 68953.961453 1149469.544443 255330.698881 2007.148049 399340.832947 563432.399564 418962.037873 181262.831216 5223042.324623 122484.010799 136117.379962 2113961.163854 8428.358243 229672.894637 398422.245952 34183.337861 342193.070274 8470.454847 153812.154649 32557.850984 5951.479841 382549.337684 251062.431638 567.501938 4613.094959 2932429.743658 546494.054622 268572.17023 131510.292801 330175.265589 151083.238265 12296.459774 1082180.040924 2274.347816 14786.160765 128570.08742 589049.635371 408380.75952 120172.927094 1799.440139 1880.744627 3793.020975 8450.339915 10812.937737 6198.290215 1982.393417 44752.981032 10770.204204 204650.400689 3971401.644919 6484716.383119 14924955.785635 6607143.293283 278589.121963 819758.686886 53395.156539 149652.975796 5163123.925753 3721754.395321 0.000301 0.088004 0.000301 6095079.624834 1213461.993928 4941476.30675 856543.249993 3684472.463742 2543749.735076 3010218.386757 36004.518253 226055.174412 61805909.890208 109954.446621 4308185.585499 0 712964054.425176 0.305577 8.70039 60.272727 1.856361 111.256095 1.452627
1898 365661.467572 997115.678468 50715.672528 95400.895972 14482.160076 156604.692965 93237.062815 52179.986821 12909.852738 63310.285688 53652.956825 3370.373621 68907.525981 1212903.587835 264556.947829 2133.210555 411183.135884 593886.799202 430105.894624 199707.830724 5399646.76578 97295.167812 119849.35086 2199723.111053 8868.265585 196586.234029 419486.351672 34533.778008 356513.932504 8497.215953 157229.581357 33895.721796 6104.057063 388254.985016 250909.819878 577.820563 3777.326272 2385803.360716 473581.676149 223121.978678 114274.619561 339711.237666 155197.600792 12618.275138 1125149.07477 2274.347816 14786.160765 128570.08742 610230.492134 419307.018987 122328.150172 1799.440139 1880.746661 3793.020975 8450.339915 10812.937737 6198.290215 1737.519891 32649.216527 7603.415313 203554.610545 3969684.463809 6478455.756946 14909851.223704 6613907.059116 277182.724502 822867.981272 48027.869535 114240.312432 5027632.162833 3725931.520884 0.000301 0.088133 0.000301 6098612.079233 1209259.824585 5121844.838258 835099.952179 3106810.579198 2366582.21865 2359797.814091 25667.24709 215977.992455 61864940.786466 83951.678773 3245909.080367 0 720423783.244544 0.323488 8.841195 61.590909 1.858548 103.402668 1.451044
1971 368504.451024 1080904.1839 51943.972618 96468.420297 14827.486043 162863.868379 92216.16476 51746.133527 13183.689113 65468.735179 49639.367519 3461.101856 79574.128068 1249232.847272 315639.018899 2252.478489 272384.249831 447128.331059 339181.983995 216688.753967 5572868.503647 103491.258235 124126.433237 2285567.628918 9272.181448 203267.859307 439296.203933 34993.2335 373145.521221 8515.279497 153906.077824 27769.877041 6219.466461 398079.839266 250757.860785 589.043862 3984.701375 2495717.376878 487373.437683 235187.872933 101900.821323 350227.720603 159847.484405 12968.22571 1172227.359005 2274.347816 14786.160765 128570.08742 625015.022446 428569.740986 124503.120054 1791.80791 1880.748499 4172.440487 9068.976477 11054.213479 6337.496607 1793.416832 25561.782615 5879.501565 202506.599329 3969422.133074 6474752.715916 14896376.21522 6623345.538148 275647.153247 825979.408886 43860.461357 91589.501766 4935946.704207 3730866.058734 0.000301 0.088644 0.000301 6101877.669364 1205029.490204 4871417.728164 788081.611774 3757438.838077 2239387.371191 2592039.259723 36067.572454 205936.555383 61936834.874304 118107.714267 2719174.230526 0 727603432.849435 0.389366 3.083688 67.590909 1.860612 119.609559 1.45004
2044 361578.66136 1189284.842984 48782.959537 82402.494455 13122.948214 176151.644976 97049.003524 51959.322308 12167.720387 61276.756507 48723.523408 3032.599585 75213.249908 1142829.642217 290936.560035 1715.404519 294306.60187 512273.770986 380587.158967 237058.057142 5825896.433057 112061.33328 131912.242481 2063353.296344 7562.410462 210291.037466 363085.054453 31269.816912 321624.878652 7880.346821 159061.115257 29507.787438 6341.75467 328015.708656 238379.602053 507.178003 4204.502049 2650358.065314 503173.149438 248251.854605 108184.248062 326975.179343 139754.869945 11172.496636 1015077.485445 2317.907039 14920.066338 142357.722217 568185.45008 362872.797973 113816.583479 1669.927658 1879.409535 3937.425104 8550.495873 11052.399449 6337.469116 1858.211171 19797.379862 4469.397906 201940.681666 3967616.90003 6467902.883361 14877324.976434 6670988.338297 274380.082485 830797.765365 39467.403185 71793.082816 4810936.051541 3741639.874649 0.000301 0.089606 0.000301 6105783.453158 1197976.766636 3388548.894076 728148.088272 4326309.464167 2190913.843649 3531901.249652 54014.205971 195414.479766 62084705.495178 159239.638365 3357917.58591 0 742951638.758874 0.422441 3.105899 69.909091 1.862885 138.427169 1.448207
2117 341879.656102 1023554.958894 43649.604387 92603.258633 13519.546153 166770.195153 101256.123707 50191.8136 12103.582259 62452.298811 50145.298503 3127.293318 73258.655414 1100054.919785 280117.061376 1899.549267 319305.107337 578252.871705 416492.753987 199997.636043 5400758.750703 122084.387127 140889.39305 2187183.736134 8265.167127 218329.38018 390891.679808 33407.651278 365452.037885 8000.010092 162680.406943 31429.54923 5719.372355 354305.607359 239250.577657 550.662979 4460.200727 2829463.625863 521325.882015 263539.794983 115163.912847 346632.250919 151059.195055 12012.413769 1123770.1081 2307.422622 14727.801507 128501.620858 609369.574019 376449.658118 116806.12184 1948.044429 1879.407819 3647.580018 7948.289331 11029.081349 6325.372886 1932.229856 16328.597523 3594.939089 201595.587891 3966169.514404 6461079.94285 14855401.69514 6754901.705106 273051.723218 836585.790489 35823.28121 60610.100622 4710175.458053 3754243.742997 0.000301 0.090144 0.000301 6110198.420241 1188283.719785 5112417.632149 760784.006205 5250830.455723 2178322.730243 4005271.494025 61097.089785 186787.697671 62249581.930964 174332.653358 4473364.87785 0 766262071.334098 0.31003 6.827036 65.636364 1.86385 108.898608 1.44606
2190 355668.891861 1063442.528379 46305.982949 94757.43542 14193.934333 176371.502719 104787.968541 50610.060121 12529.221401 65945.253453 51609.057865 3261.277279 73258.655414 1100054.919785 280117.061376 2073.212072 334987.766836 625498.816933 439916.913582 169502.670915 5550876.996278 129792.912035 150229.953975 2298348.657692 8851.765316 226593.90725 416884.953388 34319.790254 390694.61538 8106.325235 167536.381619 33364.956706 5913.410525 370027.27665 239355.419636 574.241069 4729.294292 2973368.521626 536921.173596 279041.235462 121396.990641 362296.840155 157741.39122 12545.15356 1193196.387875 2307.422622 14727.801507 128501.620858 644603.003788 392329.223419 121803.12962 1948.044429 1879.409451 3621.228971 7892.313044 11028.31768 6325.368068 1994.325973 42584.117728 10190.516695 200890.878994 3965567.881334 6457485.048347 14837869.369685 6804326.505904 271089.332012 841343.35092 49432.711748 134610.531926 4563871.167847 3761546.631673 0.000301 0.089772 0.000301 6114288.395327 1181293.465684 4989655.189179 879580.118164 3698950.616219 2140516.792201 3047545.830504 36026.028119 180105.852755 62350807.806184 109977.223092 4299893.320554 0 782525109.536168 0.307111 9.893094 60.272727 1.864982 96.438169 1.444504
2263 360795.046972 1147973.95979 47847.298709 94839.724998 14581.70031 183171.092213 90977.35073 50937.92789 12835.287821 68630.421979 52845.316488 3354.010739 72897.836588 1148633.096898 285716.823833 2210.884817 343894.309122 658733.373217 451393.599738 187467.09111 5731813.211116 99346.340268 131801.827959 2378558.500739 9302.165753 191381.541682 436978.632652 34710.942903 405860.551835 8158.265654 171988.039629 34913.709996 6063.515437 375541.882729 239372.796792 587.889364 3811.547427 2366785.496694 455480.305761 232357.803665 106425.347953 373381.090786 161843.095179 12888.680293 1238193.965281 2307.422622 14727.801507 128501.620858 669361.92801 402743.00823 124318.523008 1948.044429 1879.41203 3621.228971 7892.313044 11028.31768 6325.368068 1727.9055 30071.48552 6928.174352 199807.467031 3963781.12838 6451713.576481 14822549.660104 6804626.638621 269031.034595 844522.87883 42661.407323 95984.968278 4417786.619773 3766872.753485 0.000301 0.08981 0.000301 6117851.282497 1176239.914409 5173946.745819 885131.959674 3106866.782928 2023591.400183 2382635.195907 25488.937357 172023.168288 62413842.617954 83301.436849 3231548.203073 0 789392602.654855 0.325916 9.888245 61.590909 1.867746 87.861449 1.442915
2336 365986.364277 1232040.746372 49281.933319 96344.629724 14982.088028 190618.070641 89305.76547 50506.428431 13139.791312 71183.998096 48513.33111 3441.836858 82344.799789 1172908.60387 337491.02566 2341.118979 201060.147075 473789.561096 347404.916539 203983.673389 5909748.629993 105908.307666 136083.295875 2458057.964063 9715.444287 198616.973776 455893.553996 35218.322193 423571.419107 8199.582395 167714.386305 28072.353126 6170.733804 385043.614863 239383.670757 602.61288 4062.325086 2493338.534283 471008.662605 244421.900891 86880.13118 385433.60533 166480.281471 13262.381543 1287508.126023 2307.422622 14727.801507 128501.620858 686387.517882 411679.042287 126857.644543 1936.100376 1879.414433 3995.997882 8509.629705 11260.036004 6459.2327 1786.983046 23307.736458 5292.866849 198771.670204 3963438.39737 6448418.668889 14808879.778144 6806931.515738 266866.743101 847725.180839 37674.724441 74167.941603 4310222.797086 3773004.528273 0.000301 0.090361 0.000301 6121147.38281 1171272.934871 4916962.90322 837325.044131 3757499.794336 1941729.687864 2613910.417797 35849.509577 164036.037415 62489903.341632 117286.971909 2700965.041117 0 795972753.85771 0.38471 3.505293 67.590909 1.870359 103.095445 1.4419
2409 366870.950624 1341378.598087 45710.093844 79476.719025 13215.992803 206082.790736 94348.049082 50811.319076 12007.760806 65877.903472 47367.789447 3005.799058 77811.807774 1063476.440502 309855.181337 1736.413067 217530.210368 541304.051957 389929.838499 223793.043861 6168585.996499 115002.883423 144436.708428 2204192.21185 7889.679857 206240.511769 376578.999107 31300.564514 362759.092678 7476.624431 173962.081243 30053.258368 6280.901046 318159.234272 225139.658956 513.97724 4329.118097 2671540.76679 488826.413571 257475.286949 92398.462997 356447.477585 145243.067564 11375.417726 1109558.232177 2351.256214 14850.125524 142927.106232 617159.339275 349856.152452 115653.751378 1825.187998 1877.0288 3793.794735 8083.568689 11258.280755 6459.200018 1855.576324 18274.369726 4066.413261 198245.953761 3961539.023688 6442022.680445 14790088.677356 6843039.561217 264988.703578 852732.143193 32720.373922 57526.162683 4139868.354569 3785453.993263 0.000301 0.091374 0.000301 6125106.483314 1163277.9726 3434316.769887 776098.756788 4326372.917884 1916856.982744 3553837.877023 53768.260591 155944.313025 62644241.616198 158212.502851 3332959.44164 0 810743017.58856 0.416056 3.607278 69.909091 1.873378 128.170513 1.440123
2482 332276.068698 1152073.384017 39449.970985 90581.489108 13630.802149 190620.495097 98718.417211 48746.241664 11902.769599 67167.015696 48969.559452 3094.060199 75824.124195 1020890.707627 297654.103145 1929.804959 236356.47355 610002.631452 426884.659787 189667.91762 5704663.839363 125635.488014 154059.260828 2313616.56225 8605.63371 214967.282884 402770.079387 33538.083469 408674.234174 7631.836499 178101.009893 32242.417292 5640.134128 344665.281181 226457.671929 566.55238 4639.3061 2877732.18783 509283.118399 272744.995976 98504.822734 378536.088042 156486.342725 12267.804565 1222728.659641 2340.488351 14654.220085 128819.709637 663217.217199 363141.085281 119107.461018 2119.379185 1877.027057 3539.621119 7577.135249 11233.263343 6446.089846 1934.034658 15368.972175 3337.045442 197950.399052 3959979.188351 6435765.909498 14768607.013052 6913992.277048 263062.025974 858746.016157 28703.200057 49536.390896 3987850.737052 3799991.764405 0.000301 0.091861 0.000301 6129582.825468 1152320.53735 5155582.220073 807226.667535 5250910.618262 1917249.900567 4022373.19925 60813.613277 152390.595957 62815441.355391 173279.085507 4433682.372015 0 833479974.25844 0.310523 8.081428 65.636364 1.875149 100.288132 1.438063
2555 349339.954383 1147050.195986 42150.608988 93036.490305 14390.409844 201876.692053 102390.934712 49278.26498 12369.703361 71109.540701 50618.133789 3227.675526 75824.124195 1020890.707627 297654.103145 2111.669318 248150.930947 659353.503649 450949.611945 83866.115311 5796668.783823 133793.510071 164066.51229 2412747.333053 9202.676796 223930.200526 427297.294827 34500.308626 435003.918589 7771.251954 183928.113801 34447.28368 5833.510122 360065.258562 226812.59261 595.682057 4964.570398 3043031.10604 526779.862497 288240.933628 103949.754564 396146.017997 163135.018309 12831.181528 1294725.531954 2340.488351 14654.220085 128819.709637 702613.549065 378450.948846 124782.3013 2119.379185 1877.029324 3516.259587 7529.829399 11232.530372 6446.085096 1999.885436 41038.058573 9781.045183 197282.514474 3959317.13977 6432912.644541 14751467.986468 6954994.715088 260500.131113 863661.135752 45602.208378 119793.96056 3822345.432798 3808744.747124 0.000301 0.091317 0.000301 6133777.654821 1144297.718631 5031525.346818 925038.531358 3699004.928285 1895175.915956 3059199.37127 35782.50957 149134.599962 62920739.210471 109113.827371 4257819.522963 0 849166586.64489 0.308345 11.216716 60.272727 1.8769 87.502994 1.436596
2628 355994.050225 1237698.479564 43678.036527 93316.206217 14834.414169 209556.271981 88417.532035 49702.482552 12704.18699 74153.055017 52013.744292 3319.855366 75284.187824 1064426.382212 301643.924306 2255.360138 254794.195338 694129.221351 462491.093199 90818.45566 5982225.13611 97647.966244 143636.929899 2484275.043088 9660.67698 186788.713284 446282.177342 34919.758595 450722.203834 7847.718408 189120.674845 36212.998328 5976.89109 365431.786896 227005.502292 613.064459 3965.111024 2381882.642676 437501.608258 240197.859461 91669.517597 408647.158168 167211.457276 13193.652583 1341298.264205 2340.488351 14654.220085 128819.709637 730357.202726 388477.182017 127628.567041 2119.379185 1877.032398 3516.259587 7529.829399 11232.530372 6446.085096 1710.809054 28351.963062 6484.432887 196220.012085 3957511.96066 6427754.936538 14736561.396096 6949636.449397 257973.775495 866951.765163 37401.721075 79291.514289 3675499.546166 3814977.775949 0.000301 0.091253 0.000301 6137517.278959 1138438.098877 5207971.079917 929875.249683 3106922.99127 1808965.357207 2392396.400606 25288.757265 142309.836777 62986472.209672 82624.162894 3194608.465758 0 855454105.156061 0.329006 10.955648 61.590909 1.880107 78.551361 1.435077
2701 363631.392474 1327838.937956 45094.733862 95156.603209 15292.439004 217952.953497 86073.921886 49045.6925 13037.513175 77040.025808 47381.455459 3407.011306 83266.38035 1081360.973665 352375.875955 2391.413525 114297.710103 462489.361563 347958.31216 96997.185971 6163470.163267 104337.85471 147825.502047 2554472.246034 10080.715293 194458.072202 464172.107799 35461.323553 469167.998914 7911.656508 184329.334095 28689.899345 6073.56311 374714.337568 227185.48951 631.728949 4264.132327 2524491.270393 454618.807138 252294.656779 60879.242699 422032.734155 171823.393734 13588.258518 1392375.184386 2340.488351 14654.220085 128819.709637 748948.467704 397162.832556 130505.474285 2104.026206 1877.035316 3889.356648 8149.359541 11454.404191 6574.426105 1772.799724 21892.36146 4929.317136 195205.079772 3957136.435383 6424974.762082 14723245.130208 6945821.23437 255362.487459 870280.85199 31736.866183 59760.75697 3558582.452226 3822055.986762 0.000301 0.091836 0.000301 6140984.918033 1132784.205655 4945164.383131 881354.157611 3757560.755584 1748745.555717 2624596.188729 35636.586357 135550.8631 63065364.367905 116426.9499 2665909.412345 0 861455177.125736 0.383669 3.983831 67.590909 1.88313 93.318679 1.434122
2774 371064.140237 1445141.538541 41160.045708 74869.634977 13458.45849 235175.169047 91289.200582 49441.973841 11801.143849 70444.458171 45993.89529 2972.868349 78481.545397 974867.901098 321731.905082 1722.418096 129058.879625 527582.773617 390610.666517 104504.718796 6423242.227689 113610.636603 156703.03358 2250660.364757 8151.831814 202558.33822 383085.400336 31330.815361 399352.610806 7089.036918 190634.613968 30915.04584 6171.476408 310367.107002 210903.757111 536.06033 4583.495538 2725431.705961 474258.933558 265374.858431 66008.595175 386066.213732 149625.377839 11610.392069 1195221.155097 2384.642765 14765.476984 143757.265162 666471.014205 338618.772627 118659.520159 2003.082046 1872.920166 3710.110814 7785.963421 11452.719315 6574.386977 1844.725494 17477.975539 3857.407722 194731.39681 3955215.299645 6419130.925561 14705148.530049 6972159.148143 253273.411942 875521.95916 26454.405215 46980.403529 3362783.265189 3835399.750216 0.000301 0.092882 0.000301 6145155.035008 1123913.49965 3463114.726322 818912.604518 4326436.376796 1730169.173495 3565717.020704 53527.881142 129299.300004 63224009.960306 157209.708807 3295393.164047 0 875668602.302543 0.416579 4.220003 69.909091 1.88668 123.82904 1.43246
2847 323064.855562 1237747.754528 35201.827291 87122.88452 13893.169821 213408.010522 95789.668898 47129.185007 11652.460678 71743.151687 47761.126301 3057.421827 76451.676677 933283.706467 308076.942978 1916.361483 145975.283746 593334.893396 427596.894978 88071.427766 5928460.118851 124448.468201 166921.458478 2351338.552829 8877.408633 211832.573231 407608.681718 33641.548442 446518.603759 7278.474193 194934.056276 33373.044842 5512.962936 337144.158719 213049.829533 598.755091 4954.62149 2957765.972094 496796.473369 280670.709826 71670.745521 410258.870625 160791.526163 12548.906971 1311896.857221 2373.444907 14562.165739 129424.223 716366.886665 351676.272784 122515.894096 2312.018765 1872.853621 3481.403548 7346.138978 11425.851024 6560.167911 1926.952087 14965.586231 3230.426417 194499.195784 3953633.702796 6413530.965278 14684514.727232 7032269.779527 251387.925612 881815.255204 22338.125131 41583.360903 3178646.725488 3850581.35167 0.000301 0.093327 0.000301 6149872.38664 1111990.68523 5182279.228509 848580.225965 5250990.787749 1730700.681575 4032016.466955 60545.119535 128161.487977 63399123.299483 172308.947574 4390357.848412 0 897857911.980835 0.31444 9.781796 65.636364 1.88899 97.498801 1.430544
2920 342786.408653 1307697.462997 38042.642624 89961.39576 14741.155333 225968.903529 99575.448723 47786.982357 12157.432405 76027.558932 49579.229318 3191.642884 76451.676677 933283.706467 308076.942978 2097.72376 156560.079365 640577.376333 451676.434991 59476.260045 6012003.951943 132747.421375 177544.884079 2442487.887796 9481.898641 221344.991614 430612.036151 34639.510878 473469.241806 7449.232519 201394.394912 35848.832226 5705.930658 352344.808415 213697.139842 634.115349 5342.415356 3143745.540868 515998.696562 296210.954694 76714.408439 429569.760474 167396.766856 13139.191259 1385866.863072 2373.444907 14562.165739 129424.223 759035.219371 366541.896917 128825.882813 2312.018765 1872.856418 3460.166753 7304.881614 11425.152446 6560.16325 1995.976378 40922.825556 9749.812916 193876.067931 3952940.944381 6411433.209245 14668049.400663 7066293.314897 248869.368314 886922.156191 42030.094529 107273.96824 3022807.594605 3859926.958369 0.000301 0.092619 0.000301 6154231.277709 1103217.690131 5057029.742157 965437.373365 3699059.24615 1731764.674341 3064798.537955 35552.126197 126019.201542 63506983.60107 108280.830913 4212736.972633 0 912981457.328284 0.313116 13.060382 60.272727 1.891177 84.877308 1.429202
2993 349958.739263 1394859.130887 39663.201009 90493.978641 15243.714584 234309.997083 85640.898018 48307.389299 12517.933086 79348.704305 51121.008617 3284.105266 75738.726226 973278.627559 310384.964728 2240.602322 162513.685887 673873.899687 462984.21883 64911.237246 6191158.026252 90007.674582 155337.003868 2508162.371789 9945.063309 182580.498147 448439.839474 35078.032314 489469.651246 7548.922325 207011.221143 37832.997265 5843.199138 357597.810315 214066.103905 655.702192 4247.072023 2430675.031665 419944.812411 246552.572916 65745.143812 443319.026333 171442.654818 13518.288714 1433634.674248 2373.444907 14562.165739 129424.223 789128.185815 376263.163336 131970.283302 2312.018765 1872.859925 3460.166753 7304.881614 11425.152446 6560.16325 1683.606215 28311.474209 6475.880439 192831.397389 3951067.481388 6406689.227723 14653357.277167 7056261.531885 246357.102613 890330.585813 32757.63773 67271.631596 2899069.540936 3866600.847778 0.000301 0.092459 0.000301 6158007.080797 1096750.213331 5225540.256332 969589.319312 3106979.204462 1676827.382596 2396282.182175 25110.164336 120087.640171 63574453.609393 82000.410472 3155020.426295 0 918735052.816261 0.334828 12.547838 61.590909 1.894765 75.976277 1.427727
3066 359414.471526 1481704.003591 41163.483948 92800.362247 15761.8103 243428.885034 82678.34528 47564.203084 12877.724687 82491.00384 46144.845724 3371.379147 82197.495491 984529.443422 357966.494249 2376.076821 113903.515605 383876.843097 338530.665136 69640.061225 6365095.917756 96429.700506 159362.463635 2572552.46671 10369.630818 190561.352911 465255.249326 35643.448254 508323.785767 7634.202273 200874.86937 29659.065418 5932.166942 366733.771357 214416.644375 678.810587 4598.109349 2588001.223185 438457.281279 258708.708665 59524.543031 457813.158592 176023.075379 13931.30516 1486062.078906 2373.444907 14562.165739 129424.223 808645.530018 384747.293628 135154.626022 2294.060118 1872.863286 3834.239093 7930.413091 11637.042032 6682.882813 1748.075223 21880.151607 4928.279847 191834.831742 3950602.411812 6404220.830413 14640217.490014 7047520.403962 243767.939986 893793.85587 26746.115174 50592.565479 2796297.579058 3874115.80061 0.000301 0.093118 0.000301 6161509.954151 1090553.453095 4959199.108436 920406.040048 3757621.722033 1637221.825387 2628541.155199 35446.086944 114198.44564 63655166.422341 115616.470705 2627925.284369 0 924203537.582022 0.385226 4.37196 67.590909 1.898116 90.840416 1.426798
3139 371276.171836 1595267.568417 36926.810876 84221.733857 13849.011704 262001.371675 88031.632727 48051.773394 11553.287734 74589.639284 44542.020924 2943.206102 77124.185155 884707.456589 324379.087545 1604.160155 128857.671853 439036.69101 380452.851387 75399.092039 6608607.064642 105304.068848 168763.886347 2097332.823053 8351.338923 199008.754932 383389.695685 31314.544046 429990.196332 6716.025901 207550.788628 32122.773666 6022.771231 304357.696002 196403.331793 575.601207 4974.49651 2809810.193852 459691.7446 271846.319077 64589.439011 414307.397098 153032.667876 11863.358565 1271604.265867 2417.959348 14662.955684 144770.321966 713417.632118 328944.208267 122534.05249 2202.145466 1866.245919 3671.597585 7611.396165 11635.435927 6682.835746 1822.919299 17797.490457 3942.806948 191412.265455 3948591.648922 6398690.207337 14622777.208629 7066459.50004 242237.148463 899286.954938 21486.810667 40790.595291 2615454.262714 3887944.572013 0.000301 0.094214 0.000301 6165730.760353 1080629.464209 3478004.215804 856827.870211 4326499.841169 1630975.518839 3569658.303461 53291.222405 108895.385321 63816596.096773 156281.764883 3254740.814248 0 937888786.827315 0.425371 4.526825 69.909091 1.902023 128.796966 1.425219
3212 408787.012529 1385341.866459 39668.121708 98198.99602 14313.992821 234434.276753 92636.725019 45505.193493 11365.072998 75814.349062 46461.412396 3025.239444 75061.450301 844634.601781 309207.36799 1785.543924 145942.581658 493847.719133 416709.928216 64610.967506 6111479.07789 115674.506299 179578.740864 2183422.290946 9083.585611 208682.488162 406275.332419 33680.564512 477660.173061 6937.544194 211879.177557 34843.434924 5344.216556 331425.725234 199384.820799 649.594552 5411.724045 3066154.808291 484035.310447 287207.345075 70086.372622 440257.294781 164116.167655 12842.660143 1390965.534989 2406.210182 14451.870454 130216.849245 766135.080803 341820.984918 126739.909321 2524.065941 1866.132008 3461.59868 7219.722089 11606.547144 6667.40452 1908.539756 15484.483126 3372.774569 191243.272222 3946910.413973 6393485.665204 14602962.167935 7118351.8263 241491.41331 905883.675082 17583.926937 36617.076636 2442290.176447 3903544.242094 0.000301 0.094583 0.000301 6170501.002984 1067219.345941 5194564.452361 885100.501974 5251070.96428 1636380.530933 4034719.018412 60315.398281 110356.887925 63993995.00976 171442.738462 4342599.895362 0 959559078.847605 0.330528 10.562046 65.636364 1.904669 104.414656 1.423415
3285 431789.478557 1307634.11737 42615.552428 101747.001682 15253.591783 248022.917332 96514.38207 46282.374633 11904.096568 80327.376033 48434.173185 3159.929862 75061.450301 844634.601781 309207.36799 1953.465 156671.24972 533482.722706 440345.647271 26444.686949 6671445.965303 123600.907151 190820.127918 2260100.235209 9693.112304 218588.4681 427773.902382 34704.679675 504819.501139 7137.319197 218769.462885 37583.973362 5538.042284 346510.737855 200318.128942 691.966698 5867.05561 3271163.133486 504680.971235 302832.878132 74982.015319 461006.761462 170674.179527 13456.730353 1466410.28335 2406.210182 14451.870454 130216.849245 811202.539182 356328.739337 133636.252673 2524.065941 1866.135235 3441.907982 7182.830927 11605.885415 6667.399964 1980.441261 43630.377857 10464.981266 190665.692189 3946144.059585 6391978.131169 14587330.112961 7147383.548062 240126.671776 911201.659222 38456.308952 94387.797662 2301526.247335 3913408.661449 0.000301 0.093746 0.000301 6174897.432477 1057271.295276 5068176.642347 1001041.862418 3699113.569529 1645824.730134 3065706.300528 35331.409251 109470.268991 64103340.172665 107550.30588 4165187.409085 0 974169435.131902 0.34406 14.813824 60.272727 1.90711 92.72684 1.422206
3358 439330.588817 1385945.708008 44293.519981 102770.294028 15819.234673 256867.759626 82799.89707 46901.317054 12289.1171 83850.454405 50113.689273 3252.937458 74181.667914 879817.068895 308804.507935 2085.688241 162772.192323 561667.443707 451310.74402 29442.064505 6843228.791276 71164.818888 167069.848263 2315570.398101 10161.268866 178638.822177 444505.168559 35159.097251 520925.446666 7259.536103 224478.055511 39789.094362 5669.875095 351687.871319 200857.050401 718.404829 4648.362954 2503486.112623 403308.755456 251398.764512 64138.304081 475877.197601 174699.694607 13851.748094 1515210.786599 2406.210182 14451.870454 130216.849245 843131.770392 365839.243902 137054.315162 2524.065941 1866.139105 3441.907982 7182.830927 11605.885415 6667.399964 1645.192002 31679.063847 7355.208934 189645.741512 3944217.544433 6387659.10867 14573206.510376 7134434.0027 238503.883639 914771.281724 28158.328968 56232.717224 2197413.145415 3920545.817132 0.000301 0.093506 0.000301 6178714.339953 1049899.97292 5093352.351565 1028233.970754 3065833.07712 1609155.079977 2397264.806064 24837.610465 104191.1121 64172101.586564 80960.976288 3118303.315893 0 979479446.371305 0.368682 14.051941 61.636364 1.910897 84.489613 1.420813
3431 450605.251132 1463592.549059 45842.109759 105781.268359 16396.423597 266433.42748 79368.311397 46049.637188 12671.425873 87161.148469 44785.557454 3340.098748 79165.10984 884494.056234 350164.453741 2210.884602 125312.578847 194567.024109 317534.368864 31824.853269 7006819.749582 76665.066248 170862.698684 2370262.545276 10588.075305 186808.791143 460221.108697 35734.390558 539775.348229 7364.15912 217711.457177 30945.499154 5753.7791 360658.382044 201370.937858 746.267004 5052.934959 2672831.748858 422860.802971 263619.816122 60667.217846 491189.448343 179212.349317 14278.182424 1568280.296338 2406.210182 14451.870454 130216.849245 862899.849505 374122.229728 140503.508519 2504.325533 1866.142848 3819.660315 7818.677678 11807.776989 6784.47011 1711.704689 24836.115779 5698.309459 188667.139493 3943680.337444 6385464.429202 14560641.23874 7122391.738932 236776.47933 918380.763492 22013.814353 42927.030924 2107243.221479 3928427.617595 0.000301 0.094168 0.000301 6182242.710583 1043015.718206 4988582.848756 992543.993557 3775037.231906 1580043.063213 2620380.804819 35209.458239 98921.833277 64253278.162078 114587.889703 2582916.825816 0 984393610.217343 0.41729 4.820713 67.590909 1.914383 100.223314 1.419945
3504 461283.243027 1565919.985783 41222.185471 95825.170687 14387.666896 285836.580029 84816.959871 46628.009182 11274.481237 78122.056396 43046.28898 2918.403833 73803.686993 792903.572412 314156.649953 1264.189293 139702.771577 227378.117826 357555.055417 34753.402139 7228751.042236 84181.571834 180790.456113 1731151.969682 8493.1671 195459.238193 378350.976342 31234.125892 453438.554632 6370.437968 223971.902492 33623.530252 5841.346694 299711.648667 181792.018752 633.853916 5487.743031 2911363.483137 445214.130624 276800.986311 65552.926922 440083.074931 155533.328394 12117.996028 1338011.320926 2451.138596 14545.971523 145838.472625 756204.974617 320586.353621 126992.586317 2421.173121 1856.204836 3670.239775 7533.772623 11806.266268 6784.413794 1788.709333 19995.046665 4529.44925 188293.028036 3941610.722288 6380253.206889 14544728.950422 7136820.907918 236077.383916 924131.670678 17031.130475 35560.983546 1943562.554535 3942757.50009 0.000301 0.095275 0.000301 6186490.930366 1032213.080789 3458584.800864 891246.419942 4294627.997245 1578099.915988 3556650.077334 52901.04848 94317.671304 64415498.266909 155114.031816 3189983.876325 0 997407221.237009 0.471237 4.984648 69.909091 1.918381 149.891841 1.418541
3577 522775.784661 1399876.919128 44558.737121 111500.960327 14903.965216 253501.168208 89518.696044 43949.187337 11058.82462 79206.556201 45103.277815 2998.27718 71735.174549 754918.784666 297553.411684 1421.162588 156190.127929 257464.707369 392069.57311 31148.533074 6725337.580532 93024.357654 192231.235576 1804631.044876 9229.693685 205388.745362 399676.022905 33654.661926 501131.045 6621.171472 228085.796195 36595.339712 5142.225918 327216.494541 186216.843886 720.85365 5992.8665 3188707.227466 470945.474991 292234.290267 70861.149405 467478.021824 166575.551505 13137.792889 1459872.690736 2438.731891 14325.487189 131142.283873 810827.121262 333339.133504 131519.595006 2754.100623 1856.054354 3473.622556 7176.9377 11775.16378 6767.658572 1877.227354 17069.485956 3808.922603 188197.544741 3939838.710204 6375358.22817 14526659.978912 7184074.244545 236162.187556 931091.684343 13548.519498 31937.50912 1782445.094207 3959100.868062 0.000301 0.095622 0.000301 6191307.250682 1017793.508889 5132978.291334 914190.931039 5219959.592246 1585562.093343 4032707.325549 60143.089357 97714.442928 64595043.036955 170700.160142 4277907.238229 0 1018554840.96195 0.377008 11.764605 65.590909 1.921138 127.863902 1.416945
3650 549436.211951 881538.505592 47504.04566 115808.200648 15943.969923 267862.139911 93492.847641 44848.814693 11628.473477 83851.449419 47220.237569 3133.239923 71735.174549 754918.784666 297553.411684 1565.336688 166588.58894 279430.51971 414696.241519 35671.029146 7278689.091017 99784.4288 204163.592669 1868965.700319 9843.150257 215565.086315 419778.121704 34708.662002 528313.451735 6847.662902 235206.025081 39597.333302 5337.124872 342353.079355 187488.66576 771.537618 6519.070753 3410821.504289 492694.746757 308006.10727 75601.551426 489486.874326 173130.238059 13777.682368 1536944.057661 2438.731891 14325.487189 131142.283873 857685.193959 347606.43782 138972.544245 2754.100623 1856.058146 3454.988685 7143.140168 11774.536735 6767.654105 1951.689651 46158.620714 11160.389726 187680.022387 3939044.062345 6374460.654812 14512647.398312 7211577.524124 235635.054332 936675.293584 34961.131712 82798.573914 1657764.458726 3969461.178639 0.000301 0.094671 0.000301 6195712.140399 1007026.498191 5017731.840053 1013311.052651 3713593.389661 1605387.393411 3079267.394045 35441.900383 97483.355012 64705964.318961 107679.024676 4122456.937558 0 1032826380.10325 0.375777 15.832753 60.227273 1.923613 117.721311 1.415954
3723 556784.797082 961079.286065 49127.656929 117306.432018 16573.84953 276997.589301 80099.791216 45565.919088 12033.639232 87484.112091 49023.073376 3226.234445 70927.332675 785882.780031 294943.127271 1678.675017 172494.480654 295098.074712 425129.217829 40312.382545 7435632.174444 80855.731201 178994.030106 1915238.920692 10313.756118 174876.484371 435414.881407 35173.196451 544294.251108 6989.664557 240790.153804 42007.28356 5463.875656 347466.006845 188181.859472 803.392581 5139.496954 2581135.55718 387647.954366 254794.693184 65091.832046 505242.915254 177126.986753 14186.526872 1586458.872622 2438.731891 14325.487189 131142.283873 890789.265603 356916.685073 142626.487665 2754.100623 1856.062559 3454.988685 7143.140168 11774.536735 6767.654105 1595.711029 34998.39454 8250.291971 186683.472252 3937062.497825 6370475.885908 14499584.950626 7197651.562035 234654.237618 940415.283133 24036.25788 48125.866699 1569372.969411 3976795.642582 0.000301 0.094342 0.000301 6199486.153185 999066.590149 5096414.582942 1058624.214416 3065888.090257 1584351.723585 2398353.923424 24723.832066 92695.264252 64775254.051532 80429.009136 3079776.855932 0 1037701949.5829 0.402159 14.845997 60.727273 1.927449 110.660573 1.414687
3796 569279.605948 1040069.615527 50630.813958 121105.045423 17216.133252 286883.157125 76473.768387 44601.83029 12436.317134 90890.535669 43460.56133 3313.294617 74790.427954 783674.089877 328249.390109 1786.168869 118130.22942 217856.77151 329827.909039 44238.110015 7583918.476697 86860.515118 182511.991136 1961357.562325 10742.59972 183150.822671 450108.826797 35762.067839 563044.772883 7112.182385 232385.051698 32442.749964 5545.782181 356382.466439 188847.593921 836.905853 5597.328111 2760106.427606 407922.651992 267106.976903 58082.042394 521224.131573 181607.285853 14628.024507 1640324.949453 2438.731891 14325.487189 131142.283873 910456.35868 365059.835786 146323.554256 2732.829448 1856.066844 3838.209452 7792.209846 11966.507012 6879.104316 1663.939702 27964.513806 6535.971107 185727.021851 3936446.434031 6368427.089598 14487672.10813 7183843.293223 233557.039683 944206.86865 18059.812564 37606.008191 1489668.898504 3984826.430471 0.000301 0.094974 0.000301 6202973.192417 991722.187436 4990040.783154 1022353.16816 3775098.041144 1564918.8899 2618952.720402 35099.510418 87869.455899 64856895.187833 114117.374435 2544730.918839 0 1042166258.79785 0.434065 4.975274 67.636364 1.930993 127.837775 1.413885
3869 576457.435574 1144807.814013 46333.966096 109489.968581 15097.498908 306894.155612 82030.879082 45272.915203 10986.289497 80977.613058 41710.638775 2898.068562 69140.643414 700820.841674 290697.194422 1178.599573 131634.091865 252485.761092 369954.477979 49008.477842 7779802.444278 95247.580158 193048.798966 1460182.034053 8587.848961 191927.096351 369030.034245 31158.095102 469879.015426 6076.788651 238677.074945 35324.446152 5634.349374 296550.531192 168717.966636 712.385437 6090.955029 3012225.114596 431177.628989 280379.790764 62896.304342 463115.202118 157411.992012 12381.343214 1396625.539647 2484.087787 14411.591291 147043.968947 794186.502677 313406.029216 131854.373571 2656.931406 1842.005118 3697.906937 7531.353946 11965.083004 6879.03646 1742.831899 22221.736024 5139.194846 185413.420135 3934299.40448 6363366.041967 14471980.778886 7191715.176109 233298.509913 950283.486338 13559.359316 31541.359619 1347384.360105 3999147.573373 0.000301 0.096087 0.000301 6207178.585894 980197.002309 3465539.398262 920089.143428 4294690.802021 1567969.182102 3553154.241421 52745.671519 83752.7292 65020024.791321 154628.158961 3160879.790474 0 1054790478.69843 0.485811 5.169137 69.909091 1.935366 156.947504 1.412516
3942 651955.512889 999705.056863 36500.980757 127099.803125 15686.016165 270688.907676 86831.573076 42601.441539 10758.047872 81828.610867 43896.344081 2975.688972 67083.350474 665363.918234 273184.094867 1331.090046 147067.841644 286228.20338 405116.568278 43579.685549 7296794.628886 105110.707354 205186.060845 1525062.799327 9327.102089 202000.618765 388906.765854 33619.437518 516964.200388 6354.247024 242353.290991 38521.38081 4919.280155 324337.811303 174164.332344 813.617441 6664.128571 3305243.162129 457927.29191 295918.814808 68140.304987 491595.132604 168377.146851 13434.486409 1520021.780354 2470.93199 14182.071555 132115.056547 849867.912321 326040.474603 136674.349146 2998.823063 1841.82451 3511.881173 7201.679068 11931.567534 6860.836997 1833.483079 18456.005873 4201.27356 185394.300138 3932449.490686 6358707.883081 14454250.552896 7231986.060521 233619.336177 957636.680997 10591.997937 27969.808556 1206776.155432 4015462.847349 0.000301 0.096408 0.000301 6211943.336059 965116.384083 5142465.339149 941807.948139 5220038.780846 1576882.403449 4030508.051723 59967.289251 87772.52883 65199931.012964 170195.224527 4251491.965493 0 1075551513.36228 0.39494 12.614831 65.590909 1.938523 135.858661 1.410978
4015 681728.809517 1018774.60871 39553.935074 132290.082005 16826.755923 285006.755639 90892.861711 43623.458115 11351.441894 86503.76371 46144.732917 3110.208022 67083.350474 665363.918234 273184.094867 1474.649717 156790.956663 310852.853451 428167.886134 51079.435549 6391038.217405 112645.807341 217844.458779 1581624.477552 9942.272186 212316.103354 407663.549652 34692.156314 543738.547503 6604.832233 249754.090661 41750.61684 5122.554158 339455.880261 175715.130147 873.274578 7259.431253 3539831.480007 480465.03686 311816.217273 72818.879284 514519.078187 174886.520168 14093.776491 1597867.517811 2470.93199 14182.071555 132115.056547 897617.119518 340060.774037 144616.854465 2998.823063 1841.828584 3494.089965 7170.311239 11930.979309 6860.832652 1909.739153 47120.214428 11441.714108 184931.201481 3931592.445545 6358282.625215 14440599.521962 7254715.06722 233323.437398 963494.461022 33857.455223 83618.882238 1133746.151731 4025739.908769 0.000301 0.095381 0.000301 6216274.811508 953837.595742 5029268.8705 1040107.360786 3713648.057106 1629137.691112 3076107.620256 35273.187323 87957.422036 65311048.148336 107257.145118 4095898.76257 0 1089416383.3842 0.349645 14.976351 60.227273 1.941366 125.806843 1.410075
4088 689452.912787 1105678.202992 41296.01801 134371.675976 17523.948113 294263.60744 77828.93831 44438.579154 11772.58927 90170.254214 48061.102859 3202.893836 66721.610819 695094.838555 271065.534027 1587.680419 162302.911586 328411.372779 438534.959547 59368.880139 6517716.247708 86722.44926 191299.717726 1622423.761654 10413.616504 171327.818807 422271.224572 35164.85726 559417.08831 6764.739606 255665.226393 44344.599848 5257.451739 344511.049956 176553.454685 911.216925 5681.243512 2642129.263202 373434.354273 257070.03589 62722.432751 530963.680624 178853.6823 14514.529364 1647815.511007 2470.93199 14182.071555 132115.056547 931367.76577 349200.476681 148476.693911 2998.823063 1841.833259 3494.089965 7170.311239 11930.979309 6860.832652 1537.472487 36190.338419 8586.661322 183959.919981 3929562.540465 6354611.870834 14427691.244764 7237629.875136 232516.06674 967425.997444 22913.890702 49076.118586 1083997.97637 4032956.533725 0.000301 0.095015 0.000301 6219966.645345 945498.625858 5105137.5658 1084855.32127 3065943.105985 1636822.80387 2393969.585504 24610.749187 83579.147226 65380579.105909 80148.011418 3058242.546783 0 1093923467.37495 0.375745 13.958576 60.727273 1.945505 118.76527 1.40884
4161 703333.968501 1192729.392197 42910.380807 139078.509406 18234.828065 304291.216862 74324.201893 43272.866634 12191.473351 93602.402241 42384.510715 3289.562473 70082.954979 688839.714176 298017.221669 1694.860944 113744.536517 236394.766348 339174.382035 66647.149372 6637651.871439 93087.69836 194465.120186 1663109.732979 10842.838812 179642.166379 436005.886266 35765.459786 577859.879495 6903.41755 246237.567985 33974.9534 5344.275596 353396.67391 177360.222574 951.115656 6188.548025 2826809.987195 394120.26546 269483.40296 56353.307405 547412.066809 183302.873815 14969.175048 1702190.980445 2470.93199 14182.071555 132115.056547 950532.570412 357225.361989 152390.384347 2976.334948 1841.837802 3884.726739 7835.968386 12113.189472 6966.739335 1606.873406 29111.529309 6855.524233 183028.910714 3928874.547856 6352766.035092 14415861.672713 7220803.649948 231591.952599 971421.00312 17075.017184 38061.36707 1038857.992969 4040832.024757 0.000301 0.095668 0.000301 6223376.47695 937910.893326 4994407.852111 1048043.218406 3775158.85301 1639199.943673 2612367.485226 34996.327086 79128.083347 65462566.160946 113718.166037 2523614.674212 0 1098011850.75786 0.404932 4.737085 67.590909 1.949281 136.423993 1.408057
4234 706662.704311 1309692.240673 39229.691238 125329.736819 15985.275215 324582.152757 80008.946208 44036.699213 10710.912914 83100.936352 40741.021203 2879.720511 64088.367531 614776.858632 260343.285968 1297.896032 126535.46916 273882.400073 379923.052662 75358.073036 6793622.604795 101961.196897 205672.37051 1317823.277344 8641.727708 188467.866069 356398.811711 31107.384621 479036.179856 5861.655273 252229.000873 37029.299985 5437.979492 294429.32171 157498.662505 809.883869 6737.130753 3086938.587488 417864.896217 282862.184498 61192.511341 483089.923538 158716.56393 12640.562981 1447007.848424 2516.73453 14260.524427 148234.666301 826718.792585 307167.802487 136921.749958 2906.996257 1822.93885 3751.313641 7593.3979 12111.852971 6966.657768 1687.03359 23253.772203 5428.631018 182780.878259 3926653.966537 6347806.530739 14400473.069491 7224077.751103 231592.13304 977857.790972 12787.052165 31635.219089 953420.954834 4054827.512773 0.000301 0.096821 0.000301 6227498.341336 926127.02764 3470986.441412 944875.502998 4294753.609791 1662200.424934 3542559.99066 52598.082875 75328.549954 65626211.833837 154169.700473 3139485.207876 0 1110258830.94823 0.443055 4.984514 69.909091 1.953956 152.842712 1.406734
4307 796858.65286 1141670.271992 39503.199885 144942.031125 16668.974822 285623.931917 84940.419106 41530.04027 10479.912398 83535.111766 43043.705114 2954.848903 62034.929477 582217.760309 242655.244571 1461.614136 141123.295333 310530.495052 415903.125174 66915.177689 6426103.049356 112393.562326 218576.7884 1373869.257241 9381.465955 198597.368297 374942.375914 33608.415851 525118.511589 6163.037727 255714.821367 40416.585253 4694.754915 322486.38469 163894.964996 926.963942 7373.84859 3389189.92735 445171.479138 298527.557205 66463.924183 512357.127499 169609.582454 13723.070819 1571375.105483 2502.67473 14022.588838 133099.45908 882742.550301 319706.623182 142020.065715 3255.841286 1822.584447 3573.337606 7284.630366 12075.70161 6946.884993 1779.142718 19326.644393 4450.037616 182844.403333 3924726.728721 6343313.641159 14383167.511824 7259415.495432 232262.666423 985646.3951 10009.617706 27887.605056 867064.922622 4070730.635775 0.000301 0.097135 0.000301 6232165.223382 910861.946313 5146623.053633 965454.890897 5220117.972703 1687211.887247 4021133.704331 59811.68329 80390.464389 65806094.08568 169766.305463 4228219.542969 0 1130642410.73435 0.366441 11.911102 65.590909 1.957418 131.555892 1.405268
4380 830624.294378 1165989.785393 42736.003176 151034.766012 17916.511808 298604.891166 89115.222902 42675.572407 11090.144209 88164.376031 45412.84598 3088.483494 62034.929477 582217.760309 242655.244571 1617.506746 150305.23596 337268.439179 439453.934506 79456.711149 6468783.498441 120358.298604 232035.942982 1422234.015806 9996.432503 208954.440437 392455.978164 34699.277293 551259.785893 6435.482235 263470.296485 43838.051497 4904.799993 337612.942624 165689.63468 996.652782 8033.117433 3631124.313436 468128.727957 314565.637011 71163.139012 535955.542524 176076.078848 14399.253495 1649636.606578 2502.67473 14022.588838 133099.45908 930765.870606 333518.672457 150395.643996 3255.841286 1822.588748 3556.165172 7255.107693 12075.151821 6946.880772 1856.622131 48267.381704 11765.441355 182439.749557 3923814.174511 6343314.44622 14369958.764403 7278959.144498 232313.60056 991808.861833 32099.787017 78136.472541 807954.076143 4080808.905078 0.000301 0.096045 0.000301 6236381.934476 899366.453116 5032055.8401 1062991.323166 3713702.726639 1727698.339402 3068461.039001 35171.931501 81015.389944 65917160.094474 107013.475373 4077874.594044 0 1144187753.41483 0.360632 15.97773 60.227273 1.960558 120.774307 1.404448
4453 839205.667781 1258899.531328 44665.423998 153736.903468 18685.291965 307826.478761 76293.143677 43585.254703 11522.40584 91803.069127 47433.603664 3180.550402 62437.695319 614221.559146 244064.480191 1740.042583 155499.947464 356331.009251 449792.98411 92862.525149 6586408.034884 91001.887254 204081.087766 1457187.172104 10467.019207 167982.408261 406111.531626 35179.581081 566499.304259 6611.674625 269326.013518 46588.646745 5039.539973 342614.377242 166647.885227 1041.412527 6229.86599 2667110.272203 360140.833705 258653.650183 61294.420814 552909.437443 180015.394098 14830.318566 1699788.638533 2502.67473 14022.588838 133099.45908 964720.366839 342514.002307 154427.284406 3255.841286 1822.593633 3556.165172 7255.107693 12075.151821 6946.880772 1474.056783 37880.6628 9057.151338 181495.69798 3921743.745271 6339925.319285 14357258.496482 7259896.433402 231771.788997 995956.621307 20636.795111 45040.866488 767524.165865 4087941.465702 0.000301 0.095649 0.000301 6239960.470364 890842.530277 5103169.314318 1107201.752731 3065998.123264 1727390.434544 2386776.839408 24543.032884 76937.939211 65986734.4347 79962.150938 3044806.321122 0 1148389518.08164 0.388525 14.782998 61.181818 1.964943 113.140585 1.403261
4526 854416.965453 1352086.153668 46457.217791 159402.578676 19469.136502 317828.822634 73203.791852 42222.407184 11952.668978 95204.392006 41698.935355 3266.54482 65891.108366 607876.983697 267919.118017 1856.375927 106837.598256 245645.612516 341788.517582 105016.12885 6696334.140448 97593.750271 206819.548532 1492131.296599 10895.332433 176283.89388 418956.299931 35791.612483 584478.039127 6765.011199 257745.167216 35368.80671 5127.587022 351486.760458 167571.141055 1088.468788 6781.323037 2853174.106484 380916.222392 271173.853844 55283.493417 569644.291523 184435.388859 15296.490973 1754435.293041 2502.67473 14022.588838 133099.45908 983008.797702 350437.640858 158526.459962 3232.293285 1822.598386 3956.046082 7940.612536 12247.826913 7047.358138 1544.094027 30863.371383 7339.611466 180592.294549 3920992.496044 6338269.827362 14345574.468227 7241229.477772 231110.882181 1000179.438572 14966.785655 35196.836028 730367.507333 4095686.425644 0.000301 0.096329 0.000301 6243261.372639 883194.287743 4990456.606095 1069904.470085 3775219.66661 1722270.504541 2604184.939856 34921.610201 72758.650747 66068896.810138 113395.972401 2509301.284868 0 1152155126.0891 0.413237 5.056902 67.590909 1.968883 130.804996 1.402502
4599 853933.854084 1477837.756147 42454.122879 143138.719039 17061.561182 338087.563357 79054.255371 43075.767936 10465.239656 84457.1007 40217.455025 2861.356849 59390.191234 541952.661577 231206.307323 1389.51364 119036.610234 284571.82125 382907.409029 119609.764787 6838004.5386 106781.330951 218761.076633 1136014.108039 8662.125588 185106.732478 341407.416944 31109.642945 481367.723394 5744.752163 262947.961445 38559.654937 5225.206796 293161.311103 148769.228791 924.748897 7379.434949 3115177.322186 404955.373557 284663.607722 60166.489407 500032.476947 159554.682733 12891.123319 1489635.797415 2548.934469 14094.765354 149391.6919 853718.499185 301716.964839 142050.667904 3168.89916 1798.315376 3827.828703 7712.081095 12246.576953 7047.260554 1624.889252 24808.879619 5864.801599 180414.719267 3918705.6036 6333372.523368 14330581.015784 7241724.262051 231416.154921 1007016.769803 11043.817423 29201.809049 660982.599844 4109215.13112 0.000301 0.097525 0.000301 6247260.22271 871455.217031 3469892.412565 965905.983256 4294816.419741 1733169.080135 3532431.876144 52477.796066 69170.370607 66232801.584883 153794.60149 3123078.819438 0 1164072081.3561 0.451015 5.354691 69.863636 1.97377 151.901856 1.401231
4672 790817.352862 1287162.750748 42124.768857 164680.958184 17857.253507 297500.291765 84163.796125 40822.225769 10226.044446 84241.235067 42626.012497 2934.029714 57302.735741 512322.96681 213835.419905 1562.773585 132945.225665 322605.142756 419305.67698 105573.760704 6477174.651465 117581.155921 232505.72796 1188018.833048 9400.712645 195234.499812 358727.436029 33651.778864 526179.686487 6067.586732 265934.118063 42096.83809 4477.696344 321478.687453 155824.25511 1059.30553 8073.405263 3419567.661804 432638.670159 300457.685489 65485.733678 529812.924822 170381.476956 13999.813825 1614526.976085 2533.890075 13848.717411 134063.421547 909487.804344 314176.081015 147417.034653 3522.659308 1797.829146 3655.940337 7419.5388 12207.549537 7025.776656 1717.727398 20600.157924 4814.55867 180566.890121 3916704.573611 6328979.664206 14313822.319098 7274038.865203 232434.379215 1015289.660843 8601.050603 25415.317108 590400.919818 4124410.076504 0.000301 0.097841 0.000301 6251782.443096 857041.831667 5147764.555807 985437.072412 5220197.167051 1752999.348246 4014473.388636 59672.582046 75343.016799 66412421.33283 169367.055042 4207561.958293 0 1184117489.7509 0.375143 12.45999 65.590909 1.977451 130.399848 1.399839
4745 824107.065269 1274736.202461 45657.60186 171686.361832 19218.779212 307548.922988 88491.991132 42081.326039 10845.914013 88770.837816 45105.142668 3066.525716 57302.735741 512322.96681 213835.419905 1726.977318 141690.676709 350352.176381 443074.957529 124680.668817 6278176.926188 125821.681049 246842.532347 1232267.931055 10014.153361 205575.331363 375096.274836 34761.557496 551535.109347 6360.318304 273695.078401 45670.047556 4692.440441 336633.516168 157796.571006 1140.083842 8789.745768 3663197.435939 455966.218662 316635.345797 70225.423707 553860.551745 176808.164545 14690.856666 1692919.182431 2533.890075 13848.717411 134063.421547 957271.474043 327810.351507 156174.263203 3522.659308 1797.833622 3639.212136 7391.421059 12207.037171 7025.772559 1795.814193 49510.086238 12120.698817 180224.608875 3915744.386379 6329365.490129 14301173.261754 7291693.003404 232828.487287 1021792.56872 30563.558777 74760.929783 547307.945924 4134111.837737 0.000301 0.096684 0.000301 6255851.450122 846289.655589 5033185.123061 1082257.393408 3713757.397908 1795999.500144 3063246.456766 35075.909223 76257.775343 66523219.327671 106783.703354 4059655.431126 0 1197363863.26825 0.358179 16.212234 60.227273 1.98083 119.128173 1.399115
4818 832125.271346 1369613.528762 47783.211712 175030.756743 20067.285284 316623.69854 75757.335644 43079.665271 11285.788002 92348.606044 47226.5083 3158.068003 58661.94845 548692.08071 220519.88889 1856.34495 146646.880233 370198.984749 453361.417757 143182.233129 6387350.520846 94056.5539 217402.958337 1264213.759824 10484.669035 164893.61757 387912.48386 35252.87678 566296.191399 6553.063472 279357.039604 48554.848448 4829.362556 341596.101733 158846.939478 1192.577703 6753.908917 2645295.873448 347699.350116 259989.674113 60411.617695 571224.604541 180733.220086 15132.30161 1743250.483507 2533.890075 13848.717411 134063.421547 991176.864652 336716.670358 160363.47252 3522.659308 1797.838685 3639.212136 7391.421059 12207.037171 7025.772559 1409.627033 39712.901093 9573.163054 179314.619961 3913647.489404 6326280.354183 14288805.372067 7271719.011033 232561.047717 1026205.047447 19006.017459 42957.204485 519115.947966 4141089.306801 0.000301 0.096248 0.000301 6259320.517242 838298.685944 5086520.104752 1130883.629676 3061516.429971 1797890.54692 2382790.004658 24373.139616 72370.264935 66592994.092357 79156.986865 3035426.690835 0 1201334226.31005 0.386982 14.915461 61.181818 1.985407 111.068844 1.397995
4891 846365.976583 1464473.990749 49751.898585 181577.47126 20924.309272 326370.97331 73274.81249 41555.517102 11721.106977 95674.710257 41438.016052 3242.978203 62650.786347 545294.203494 244050.725092 1978.88152 99790.099389 249387.115411 341334.421748 160043.315529 6488046.885859 100767.525478 219661.953984 1296244.33381 10910.569714 173154.73508 399910.969034 35869.310825 583584.519458 6719.663868 263976.501684 36501.616129 4920.214442 350394.147287 159854.643862 1247.068123 7344.025576 2827954.898315 368384.752983 272600.818764 54868.252802 588012.789201 185092.57406 15605.25573 1797580.433825 2533.890075 13848.717411 134063.421547 1008074.581018 344518.073424 164610.085508 3498.142543 1797.843625 4050.380903 8100.461733 12370.45563 7120.964812 1479.608129 32858.626599 7895.453947 178436.599653 3912845.449265 6324804.440769 14277423.328409 7252001.409277 232157.227796 1030665.504776 13625.592484 33716.123603 493237.468477 4148544.503476 0.000301 0.096945 0.000301 6262504.224824 831269.242093 5014155.972337 1046320.179069 3740991.159701 1796041.912772 2590499.823981 34803.495444 68370.7986 66674600.713647 113038.875554 2490707.112494 0 1204753485.46143 0.408395 5.103698 67.545455 1.989442 129.050017 1.397274
4964 848221.882406 1593277.009249 45345.151976 162348.039944 18321.557989 346161.232526 79319.527851 42488.744755 10247.318351 84966.996559 40107.231797 2841.573438 55312.817171 486371.472457 208781.11131 1456.172867 111457.492881 288572.276882 382459.806818 180244.802218 6616680.964826 110113.240546 232360.896343 990607.852082 8656.165332 181930.483079 324868.657111 31158.82965 477463.54991 5726.881874 268463.944375 39779.290781 5023.234736 292427.668324 142484.299141 1054.263859 7985.059991 3084644.372894 392265.085234 286165.636373 59800.440114 514013.577587 159948.229772 13123.013592 1524273.115513 2580.636094 13918.583513 150434.820101 875183.617046 296900.442181 147130.203663 3440.596196 1767.862717 3926.813429 7884.041197 12369.298309 7120.849649 1560.089807 26558.887052 6359.486119 178322.789601 3910509.920045 6319957.216446 14262975.724379 7250631.971625 232703.706027 1037906.102071 10059.158955 27890.379153 444783.472158 4161473.473376 0.000301 0.098185 0.000301 6266362.019124 820562.933788 3449719.663428 981379.367104 4262095.725509 1811521.564753 3511979.25055 52215.922674 64870.609377 66837599.275255 153208.548701 3088495.377781 0 1216213363.56865 0.442417 5.424743 69.863636 1.99448 153.915666 1.396068
5037 727994.280212 1389639.316147 45669.709938 185572.292584 19240.698823 305224.39315 84671.47649 40476.142287 9985.998998 83900.871591 42608.321799 2912.22376 53142.976562 459409.663694 191735.49564 1634.945592 124868.704466 327097.251386 419220.12532 156619.713218 6285118.236411 121173.085553 247005.210519 1041636.336573 9392.340251 192030.959365 341062.67155 33754.92769 520975.900927 6069.3714 270986.498764 43429.799136 4279.810718 321138.370916 150138.747796 1208.510622 8728.757408 3384745.047023 419943.807674 302067.956577 65198.112912 544108.371627 170755.53455 14259.672408 1649811.885487 2564.526056 13664.484269 134999.990004 930232.404801 309315.621964 152760.912964 3797.100477 1767.284986 3758.946876 7603.398465 12327.133615 7097.507985 1653.046505 21940.624554 5202.478079 178574.557647 3908422.542984 6315531.661513 14246885.173535 7281202.320912 233963.363206 1046734.949949 7861.346555 24055.593459 394930.950787 4176058.947013 0.000301 0.09854 0.000301 6270738.303987 807352.992903 5156442.939559 1013530.59429 5250289.559352 1834496.604323 4004038.195347 59555.008778 71634.603841 67017788.051674 168888.237789 4178245.081735 0 1235943534.6269 0.370952 12.471245 65.590909 1.998349 132.320774 1.39476
5110 759023.401425 1321929.09108 49464.72658 193429.155639 20730.860103 311035.84501 89220.450164 41832.207455 10610.227778 88307.820766 45189.729884 3043.832497 53142.976562 459409.663694 191735.49564 1804.137074 133307.614056 355235.261544 443208.647629 169015.267754 5978434.050169 129624.082768 262333.009927 1084489.481509 10004.061458 202358.390187 356408.097324 34894.511008 545589.52939 6382.193703 278806.771739 47127.197498 4500.909296 336443.030583 152254.702682 1302.094195 9496.310415 3625346.064036 443348.456674 318418.887483 70019.9938 568501.506094 177187.737958 14968.616795 1728634.117422 2564.526056 13664.484269 134999.990004 977546.153018 322849.632666 161876.860346 3797.100477 1767.289598 3742.465296 7576.258093 12326.654564 7097.503988 1731.33394 50338.859256 12365.904512 178310.8642 3907462.818311 6316324.833285 14234903.759616 7298683.180004 234591.652092 1053646.336939 29685.476863 73287.83089 366578.803049 4185452.943351 0.000301 0.097326 0.000301 6274668.1268 797399.888239 5054034.103442 1081537.205514 3723465.685696 1884126.119713 3071979.031197 35299.212316 73003.816819 67128971.842283 107305.383387 4054451.261574 0 1249084616.23477 0.348516 15.926737 60.227273 2.001902 120.753736 1.394159
5183 766605.951839 1416687.990304 51744.631863 197310.694937 21662.420903 319798.629316 76357.892588 42903.948598 11051.738191 91788.685274 47398.865584 3134.578594 55525.583568 500587.192354 204204.973633 1937.302721 138056.250108 375283.649082 453414.527173 191373.418981 6081869.31413 95905.808879 231235.614085 1115169.573482 10472.47752 162109.769871 368418.284292 35394.904833 559770.53987 6590.039694 284363.972869 50107.712505 4640.773553 341355.71485 153367.514754 1362.902872 7235.410101 2574289.844562 335142.793276 261352.037903 60106.11714 586073.959088 181091.404544 15418.396461 1778885.765033 2564.526056 13664.484269 134999.990004 1011007.819513 331653.456627 166192.343782 3797.100477 1767.29481 3742.465296 7576.258093 12326.654564 7097.503988 1347.147276 40960.656606 9932.488337 177435.526343 3905360.545026 6313530.765578 14223020.822386 7278521.499585 234502.550243 1058341.057017 18069.348674 42080.382888 348737.506822 4192255.345685 0.000301 0.096852 0.000301 6278031.858607 790056.420295 5079979.841104 1146316.3079 3061570.818761 1890385.513473 2379964.21579 24390.245523 69253.925782 67198622.456068 79037.643623 3031271.841262 0 1252835258.34579 0.377595 14.593535 61.181818 2.006616 112.457799 1.393112
5256 780285.476455 1511726.739959 53856.201312 204623.130306 22602.635473 329228.665494 74575.005875 41267.694464 11488.831 95020.819355 41562.982498 3218.623875 60295.211271 501313.679171 228735.594858 2063.455362 94073.195532 249848.624213 340339.18339 211831.821909 6176969.870184 102705.139403 233081.504008 1146166.308852 10896.267995 170346.339586 379659.832417 36024.488114 576432.957042 6770.154892 264399.756322 37345.170628 4734.816231 350159.810335 154434.956328 1425.982596 7860.521756 2750596.296121 355529.551776 274067.57154 55262.095722 602844.940828 185426.17542 15900.467929 1833157.066248 2564.526056 13664.484269 134999.990004 1026184.22223 339377.942292 170578.262518 3771.213955 1767.2999 4166.368843 8311.605623 12481.125921 7187.578557 1416.743596 34233.321917 8286.461577 176591.899482 3904521.253007 6312244.206038 14212044.846011 7258625.512894 234274.02093 1063088.014658 12882.949544 33014.788908 332236.184398 4199473.919796 0.000301 0.097571 0.000301 6281115.87396 783661.150941 5005227.864561 1061363.232032 3741053.275441 1894034.825176 2584575.556114 34778.788569 65373.730072 67280200.46593 112824.229769 2482957.738403 0 1256003476.00914 0.397171 4.976278 67.590909 2.010692 131.007049 1.392444
5329 788187.708822 1641736.407622 48930.108855 174576.801697 19778.190679 348453.370249 80889.473055 42269.982964 10044.886532 84599.212778 40340.72905 2821.089764 50851.487486 447863.173379 194572.328287 1492.19866 105389.65443 288893.455091 381605.486762 236323.456545 6297680.427932 112176.537633 246634.101077 897086.979276 8633.591723 179105.789997 307548.7588 31297.311014 469008.683815 5799.503696 268200.466627 40691.974372 4843.173919 292442.766348 138602.377895 1198.699481 8541.621776 2998183.992425 379000.47632 287741.876878 60257.74068 525546.589867 160118.679297 13349.925919 1553203.431956 2611.745889 13730.425255 151494.131645 891647.436891 292688.509369 152142.99724 3718.603571 1731.58557 4045.560468 8103.398641 12480.048578 7187.442631 1496.713675 27833.54436 6726.202595 176561.532278 3902160.38178 6307426.276319 14198235.879507 7256840.351464 235020.764052 1070823.697078 9547.801855 27237.689429 300685.239073 4212007.440435 0.000301 0.098853 0.000301 6284860.397706 773971.016514 3438741.705106 995736.764471 4262158.646673 1916846.455002 3502092.86457 52131.605145 61953.623924 67443123.243304 152913.273603 3077029.25606 0 1267201168.43066 0.427136 5.340918 69.863636 2.015824 159.069024 1.391322
5402 688145.563959 1434521.375083 49403.601442 198886.189786 20814.374973 308027.84149 86541.274741 40369.29628 9751.370489 82614.546655 42930.552727 2890.053842 48566.146136 422996.365557 177641.85432 1673.025948 118396.960774 327236.187225 418650.302234 203318.964993 5990533.086645 123385.007429 262257.242729 945426.54591 9367.136523 189191.082538 322712.900316 33940.552728 511025.559098 6162.120588 270381.869017 44417.714535 4106.524718 321390.926104 146571.430077 1373.560213 9331.687525 3287654.242579 406223.98318 303771.921333 65722.537465 555721.870041 170871.246486 14508.348214 1678653.501692 2594.524598 13468.687939 135877.570247 945578.955297 305047.351657 158003.711619 4075.502383 1730.938072 3880.934114 7832.500353 12434.47859 7162.08855 1589.078834 23000.476883 5513.53542 176919.239117 3900048.85772 6303037.318279 14182968.838239 7286950.595948 236500.776858 1080255.840785 7488.870076 23381.99263 268183.572196 4226180.383967 0.000301 0.099218 0.000301 6289105.194989 761708.816097 5143850.93273 1027034.450657 5250368.162351 1941519.829181 3995827.053253 59458.496149 69150.74008 67622697.19657 168594.520381 4162679.631918 0 1286658372.08487 0.361418 12.216152 65.590909 2.019805 137.547995 1.390114
5475 718630.137851 1320577.06955 53371.653009 207261.643467 22434.699488 308775.314292 91348.140425 41800.689718 10373.167093 86881.874664 45604.515552 3020.510716 48566.146136 422996.365557 177641.85432 1843.548147 126569.397627 355224.886498 442755.775829 178489.076001 5670851.635073 131945.517205 278611.452941 985503.30932 9976.290467 199493.962389 337087.796211 35102.412596 534725.351551 6495.746534 278301.706084 48192.541891 4333.095074 336745.857379 148769.439752 1480.295675 10144.753645 3519767.380593 429261.537265 320257.652826 70604.113235 580203.218551 177269.682947 15229.353485 1757224.737137 2594.524598 13468.687939 135877.570247 991907.661794 318450.628162 167418.971442 4075.502383 1730.942801 3864.638888 7806.150752 12434.033795 7162.084672 1666.852958 51039.648707 12571.542839 176731.137149 3899108.593882 6304233.333692 14171864.281094 7304313.448382 237338.785941 1087597.413712 29214.829885 73065.937389 250560.230473 4235396.247636 0.000301 0.097945 0.000301 6292931.681034 752291.268926 5038171.918246 1094462.04784 3723520.498741 1993680.362625 3064982.497795 35246.135585 70652.988368 67733333.646862 107123.669682 4039977.288538 0 1299556139.20733 0.339079 15.460313 60.227273 2.023502 125.909666 1.38966
5548 726663.985634 1415192.915034 55731.228535 211495.597816 23454.198516 317127.861033 78126.829254 42930.252346 10812.440148 90255.848613 47894.266282 3110.462729 52094.076111 468202.303212 195627.698176 1977.719307 131156.442767 375163.454539 452882.422693 200304.621474 5770836.691803 96676.760097 245667.358261 1014109.834474 10442.333465 159783.381456 348351.912728 35612.737948 548301.928404 6719.47535 283841.202253 51239.96648 4476.384754 341607.976282 149920.562259 1550.032664 7679.675437 2461754.455407 321877.00831 262966.692126 60504.15341 597850.607355 181151.498177 15686.364157 1807261.604329 2594.524598 13468.687939 135877.570247 1024667.081025 327163.854529 171843.113734 4075.502383 1730.948142 3864.638888 7806.150752 12434.033795 7162.084672 1289.165244 42033.540246 10242.446859 175895.545535 3897040.743083 6301794.141756 14160650.204089 7284308.837582 237416.294295 1092609.913242 17545.239 41863.660459 239741.829877 4242119.196259 0.000301 0.097439 0.000301 6296252.728509 745331.987321 5059796.057285 1158835.255062 3061625.208358 2003040.719454 2372898.27908 24370.186946 66996.345336 67802690.240786 78902.239521 3019571.832644 0 1303080750.53075 0.368489 14.085863 61.181818 2.028293 117.551087 1.388719
5621 741195.3486 1510338.23281 57916.006663 219349.702752 24483.133764 326144.898109 77000.850194 41277.625931 11247.615336 93386.780667 42006.113628 3193.694484 57611.582753 473131.688682 221870.62259 2104.843288 90213.955501 246709.379382 339406.336911 220259.016152 5862536.126619 103517.08279 247226.043354 1043137.480025 10863.928155 168020.599975 358895.384924 36256.828293 564315.676321 6913.95098 259271.387222 37932.374135 4573.698425 350426.360963 151025.145858 1622.384608 8338.123412 2629136.291951 341730.393021 275784.725577 56201.874686 614475.888054 185463.92327 16176.742901 1861369.205981 2594.524598 13468.687939 135877.570247 1037611.552074 334823.905423 176352.361313 4047.754193 1730.953357 4302.96843 8571.038688 12579.89922 7247.226598 1358.003867 35434.926346 8630.818817 175091.853469 3896199.030614 6300736.264383 14150234.409679 7264618.284807 237352.151194 1097678.714724 12475.192718 32761.332571 229639.852565 4249211.421366 0.000301 0.098182 0.000301 6299298.192988 739320.857658 4982090.793733 1073535.34396 3741115.392135 2009956.667683 2576074.123137 34747.310672 63196.732693 67884115.434077 112614.31732 2471078.058407 0 1306014775.95424 0.388051 4.818437 67.590909 2.032347 136.938533 1.388126
5694 756144.026874 1641244.947687 52551.522502 183656.510324 21408.326532 344632.992342 83636.693511 42334.625709 9842.029385 83400.691979 40849.907703 2799.899074 48193.889254 423822.747663 187395.927506 1494.446845 101330.487081 285123.225511 380861.043584 244153.327801 5978379.552494 113048.102844 261690.703961 818616.981823 8600.588589 176790.661551 290003.793169 31505.742944 457017.874792 5955.460986 262436.015022 41326.820537 4687.226938 292869.092095 136494.443698 1355.737918 9057.682459 2863963.718346 364540.783382 289567.093504 61264.940071 534859.903545 160058.565791 13563.82294 1576194.993033 2642.223121 13531.978136 152481.114723 903135.583588 288946.221041 157018.437652 3999.773729 1689.766647 4184.061068 8369.071467 12578.897537 7247.067516 1437.072018 29016.949972 7069.637358 175154.809688 3893863.597132 6295996.736335 14137242.042608 7263021.210029 238309.218706 1105964.851602 9277.135487 26975.625884 209385.168967 4261351.202924 0.000301 0.099508 0.000301 6302998.16192 730273.992697 3412954.959337 1007298.73031 4262221.568988 2036710.703852 3490470.915627 52053.361104 59833.100233 68046874.37858 152628.223287 3063613.215685 0 1316968382.69816 0.417227 5.192919 69.863636 2.037505 167.55726 1.387118
5767 693032.082469 1436832.060077 51924.700627 208868.698146 22551.113187 305619.273187 89645.987157 40342.675965 9518.880736 80580.192419 43524.804317 2867.707959 45732.366448 400522.07151 170421.233783 1674.122727 114108.398681 322751.664727 418222.907168 209033.108763 5685049.290273 124327.485635 278359.407493 866335.187778 9331.44308 186891.554152 304224.957788 34199.399198 497543.793309 6340.314283 264366.436045 45103.838881 3962.271703 322054.849424 144558.710601 1552.604564 9892.295391 3138533.162226 391011.048039 305722.928317 66804.081293 564950.701145 170761.426253 14742.373457 1701347.578038 2623.847401 13260.14151 136705.746123 955663.700061 301260.728384 163072.263735 4354.523844 1688.984951 4021.630889 8105.62992 12529.63504 7219.538464 1528.395955 24056.87396 5826.816045 175630.494658 3891790.800329 6291707.909865 14122989.190756 7293343.796465 240041.734927 1116066.623519 7284.836591 23095.393617 188393.704607 4274967.088991 0.000301 0.099887 0.000301 6307190.065749 718554.608762 5115833.583565 1037827.324922 5250446.766729 2061706.941594 3986762.021294 59371.289417 67305.547491 68225721.421581 168306.258121 4146326.593578 0 1336169858.75626 0.354728 11.844496 65.590909 2.041524 146.244778 1.386048
5840 725049.498884 1299706.985974 56005.251472 217659.146551 24308.872429 301385.966968 94760.029465 41827.227308 10134.701317 84716.231453 46287.458744 2997.141639 45732.366448 400522.07151 170421.233783 1843.061671 122130.107762 350201.790122 442455.96016 163497.947548 5338279.473355 132938.232283 295810.410508 905329.67923 9938.065458 197203.378083 317709.529785 35385.36186 520335.700524 6697.252432 272381.056753 48932.358021 4194.057517 337470.450009 146798.297555 1673.39251 10748.921199 3358755.758933 413420.063512 322339.799481 71752.150744 589379.991993 177128.86239 15474.418085 1779546.958246 2623.847401 13260.14151 136705.746123 1000761.252107 314553.575399 172754.262734 4354.523844 1688.989777 4005.425982 8079.852705 12529.222409 7219.5347 1605.275043 51744.105338 12780.36889 175526.790073 3890925.985177 6293371.566197 14112918.094258 7311039.442805 241119.2183 1123885.716566 29086.676291 73980.40646 177824.081426 4283849.665701 0.000301 0.098556 0.000301 6310976.637369 709397.30297 5006213.136974 1104736.345397 3723575.312756 2118620.446063 3057054.556719 35216.743967 68890.400391 68335689.897831 106943.505746 4025518.305465 0 1348845557.02548 0.331208 14.819274 60.227273 2.045293 134.710709 1.385763
5913 734169.644944 1394840.40885 58408.552065 222174.848102 25421.553482 309275.951101 80964.953382 43000.592502 10569.312029 87988.91685 48654.636678 3086.394296 50069.292335 448574.559905 193698.645977 1975.961916 126627.591673 369755.153332 452523.565275 183031.673074 5436936.908026 96602.520998 260824.1969 932988.579695 10401.851331 158074.430649 328288.425955 35906.835004 533315.970886 6938.855349 277978.906721 52028.216554 4341.504171 342284.157665 147973.016967 1752.671421 8104.883393 2320446.58448 307999.707676 264903.925205 61428.591381 606996.784933 180990.593263 15938.024733 1829296.927409 2623.847401 13260.14151 136705.746123 1032640.868481 323190.252807 177274.883532 4354.523844 1688.995226 4005.425982 8079.852705 12529.222409 7219.5347 1237.163451 43157.586895 10570.789705 174735.413958 3888915.560729 6291305.978683 14102451.168204 7291427.546377 241385.754775 1129245.770122 17386.645381 42341.690932 171594.469619 4290358.24072 0.000301 0.098019 0.000301 6314277.733038 702596.898894 5023229.151164 1168745.514811 3061679.598726 2133972.623146 2364629.149253 24356.5868 65301.523735 68404624.368258 78782.210226 3008398.215489 0 1352167651.42045 0.360873 13.504694 61.636364 2.050108 126.431306 1.384945
5986 750580.675037 1490689.571352 60633.690177 230467.199063 26544.423624 317828.629894 80360.873344 41392.836349 11000.146539 91024.3914 42697.711044 3168.909194 56498.587753 457129.316868 221912.019439 2101.860688 88845.958212 240195.092588 338751.816826 200857.921197 5527363.985141 103450.685297 262276.815721 961272.28607 10821.382568 166348.084826 338189.762185 36566.826831 548687.067926 7149.581983 249269.622132 38355.953866 4442.438079 351123.476038 149100.701675 1834.933994 8797.48485 2477458.404213 327187.568407 277822.243858 57697.88406 623355.268319 185282.561364 16436.060733 1883163.934617 2623.847401 13260.14151 136705.746123 1042807.051857 330795.896733 181894.669732 4324.203652 1689.000549 4459.877617 8877.583314 12666.842845 7299.94178 1305.011947 36723.197473 9004.533195 173976.09356 3888087.533695 6290471.188156 14092652.837379 7272129.395037 241507.504748 1134664.915001 12358.727485 32999.821946 165715.574741 4297186.613518 0.000301 0.098659 0.000301 6317306.301769 696764.75725 4940628.62644 1083134.306552 3741177.50977 2145606.039137 2565936.367086 34721.584163 61560.871652 68485748.262245 112432.229684 2460567.258846 0 1354893986.22397 0.381902 4.632765 67.590909 2.054089 146.899452 1.384434
6059 771499.041593 1623163.968186 55068.858317 191364.540691 23192.519273 335491.174973 87359.874323 42491.379818 9636.430732 81539.713824 41591.207341 2778.661116 47083.62815 410800.992706 186739.663467 1466.384388 99876.451042 277588.956632 380442.86589 222218.794229 5641135.96317 112995.687911 277712.389161 755507.696985 8562.788578 175166.208661 272704.617648 31783.879392 442761.193165 6197.595341 251983.215178 41787.827464 4561.340334 293625.201802 135595.529516 1524.437681 9556.547617 2697466.683709 349195.794151 291710.910513 62829.16488 542286.797787 159820.994328 13764.798732 1593811.790514 2672.029331 13322.409335 153410.227166 909780.160545 285614.469511 161717.12745 4280.643471 1642.888657 4342.150613 8680.249712 12665.911976 7299.757293 1382.945316 30288.578066 7444.631351 174141.209699 3885803.445406 6285800.867534 14080534.266349 7271015.380435 242692.618376 1143549.511876 9215.909912 27140.465134 152870.850545 4308773.03322 0.000301 0.100117 0.000301 6320984.675213 688060.532535 3367374.168332 1016364.196756 4262284.492483 2177576.699365 3476620.301605 51980.073894 58245.804174 68648200.074353 152356.841955 3051856.61591 0 1365628284.90093 0.411412 5.008007 69.863636 2.05923 179.154135 1.383545
6132 752832.835003 1423438.892824 53612.843625 217312.759997 24426.431447 298463.878293 93773.43951 40292.378203 9296.921665 78095.714796 44351.821261 2845.802602 44399.88998 388595.92888 169534.745891 1642.573171 112550.237741 314086.00025 418160.091898 190358.504006 5359623.849282 124292.197463 295493.790984 804288.493935 9291.150326 185324.903208 286067.231652 34531.125532 481849.900928 6608.599426 253732.813529 45604.845345 3849.470101 323047.499901 143386.07792 1744.607507 10436.943711 2954726.044454 374743.683741 307990.298155 68446.167127 572158.983938 170478.436337 14962.099765 1718500.525344 2652.438512 13041.40358 137485.305514 960699.473732 297894.835737 167917.154587 4630.556531 1641.943557 4181.030066 8422.380467 12612.656971 7269.883801 1472.957829 25187.921716 6168.96843 174745.775525 3883802.355439 6281604.81656 14067345.924669 7301870.297545 244689.862364 1154378.963883 7235.63252 23230.205625 139497.678715 4321655.622746 0.000301 0.100477 0.000301 6325149.602712 676664.556988 5067214.203553 1046210.121393 5250525.372553 2208204.11902 3975986.274256 59290.134083 66178.332216 68826160.233194 168026.586776 4131008.027211 0 1384593971.45778 0.350388 11.394663 65.590909 2.063246 158.14048 1.382626
6205 787831.277835 1281493.083405 57799.954201 226440.770759 26328.052093 290073.883811 99234.701456 41814.857696 9905.212301 82120.704228 47203.613054 2974.369535 44399.88998 388595.92888 169534.745891 1807.937666 120504.650973 340690.623418 442544.670538 136499.702291 5009969.856426 132912.199863 314112.261366 843579.444581 9895.485949 195690.422747 298739.847061 35742.974106 503768.985503 6992.872117 261817.434257 49476.090459 4086.346511 338531.108514 145622.335075 1880.284886 11338.36063 3161138.804219 396377.631307 324734.898806 73463.89981 596421.211462 176817.253978 15704.332571 1796236.850447 2652.438512 13041.40358 137485.305514 1004389.428875 311094.260887 177837.670886 4630.556531 1641.948459 4164.832819 8396.994765 12612.274282 7269.880144 1548.711091 52395.611645 12978.102262 174734.443362 3883043.824682 6283745.646538 14058340.837459 7320089.605504 246016.434303 1162715.969517 29259.587565 75852.633913 133499.14808 4330051.420194 0.000301 0.099207 0.000301 6328924.456977 667648.385081 4952947.578948 1112656.313258 3723630.127808 2274269.422765 3046953.721961 35195.388603 67812.025074 68935251.818247 106801.821362 4011921.218538 0 1397067221.14476 0.326166 14.151708 60.227273 2.067042 146.829568 1.382525
6278 798328.356017 1377878.62685 60271.574651 231209.555865 27542.948 297524.310491 84695.485613 43025.372416 10335.648839 85317.536935 49654.897799 3063.299956 49540.088667 438336.297072 197796.582995 1938.391882 124981.72953 359702.271668 452634.058311 152019.48844 5109509.589634 96010.447187 276925.355346 871284.738517 10358.967802 157141.664456 308723.101257 36280.123569 516226.051257 7257.15795 267542.310539 52622.167617 4238.810279 343310.940062 146819.392753 1969.990327 8538.22692 2165648.096649 294147.209453 267163.815177 62933.003734 613987.785908 180671.966622 16175.477392 1845804.259989 2652.438512 13041.40358 137485.305514 1035369.075992 319699.882416 182458.455745 4630.556531 1641.953995 4164.832819 8396.994765 12612.274282 7269.880144 1192.110817 44194.546303 10879.946147 173997.073997 3881118.451215 6282111.276457 14048657.891656 7301071.454633 246490.935972 1168472.728166 17517.575267 43387.691887 130278.85469 4336252.774947 0.000301 0.098609 0.000301 6332236.38435 660881.748983 4905980.00977 1155182.298948 3042915.558049 2298375.643679 2355316.45587 24276.278203 64249.700596 69003842.090824 78298.335954 3002833.517271 0 1400253035.53846 0.356056 12.913494 61.590909 2.071841 138.702547 1.381838
6351 816979.900366 1474426.675755 62552.546993 239767.315004 28757.633123 305541.999956 84410.702873 41496.936294 10759.755664 88268.454718 43600.974452 3144.958817 56764.762625 449782.864565 228385.729935 2061.522939 89939.775222 230922.050368 338532.396106 166022.943038 5200211.787018 102816.204594 278438.050811 899728.467912 10775.972242 165477.980238 318017.975049 36949.044493 530874.148588 7486.49577 235480.233029 38727.376117 4343.083736 352098.4373 147963.231666 2061.9503 9267.736184 2311451.555218 312582.453745 280165.402023 59506.274496 629890.511751 184911.746451 16676.838926 1898964.562071 2652.438512 13041.40358 137485.305514 1042115.916523 327224.215407 187163.687906 4596.857546 1641.959417 4637.39573 9231.392986 12742.026055 7345.758877 1258.729857 37964.112846 9369.665587 173279.961997 3880318.15994 6281488.818247 14039532.439101 7282045.761686 246798.625281 1174240.909263 12473.268757 33669.02062 127227.381576 4342662.120382 0.000301 0.099374 0.000301 6335265.154517 655168.092327 4905318.87935 1113442.424041 3748644.746748 2315366.846616 2545092.850451 34606.49944 60542.602011 69083866.339573 111878.273427 2447442.115194 0 1402739047.68586 0.379715 4.462916 67.590909 2.075706 160.47141 1.381414
6424 840681.023379 1608203.116695 56922.581394 198127.690361 25096.056697 322239.04993 91773.305316 42625.880189 9434.973666 79263.687058 42548.946227 2757.617198 47726.172016 405580.193315 190604.641267 1417.017276 100754.660473 266852.584227 380306.842256 182810.79319 5313752.546784 112294.036631 294854.993641 713840.990737 8523.333253 174356.234727 255997.546244 32110.733307 427125.49688 6536.160613 238027.29005 42183.013677 4466.536783 294471.592748 135227.452274 1702.439411 10068.248697 2515112.832884 333650.845831 294122.953906 64649.155382 548023.681505 159376.558974 13944.84262 1605718.876761 2701.131822 13106.789397 154222.852577 911546.429155 282614.078377 166178.810302 4557.884695 1591.719873 4520.979553 9038.547384 12741.16733 7345.548492 1335.120947 31510.144745 7810.391378 173539.744351 3878116.761738 6276913.446226 14028359.764269 7281006.147851 248191.947237 1183709.212734 9329.323407 27686.803601 119285.707263 4353566.223117 0.000301 0.100784 0.000301 6338931.636253 646735.563649 3321348.341784 1018120.153885 4278089.771696 2354405.71249 3445926.737252 51696.285074 57209.397735 69244908.667585 151777.652624 3022951.767476 0 1413113279.84108 0.409999 4.84036 69.863636 2.080802 193.370265 1.380653
6497 849199.521521 1413377.128658 55142.679731 224668.023145 26409.431619 287605.287858 98630.507456 40226.408116 9098.740903 75475.664547 45395.833429 2824.637289 44802.55327 384141.277669 173221.939808 1588.300036 113273.005824 302032.624172 418470.688258 156576.155174 5040509.310056 123592.22165 313804.582277 763693.168648 9249.263269 184613.944319 268583.044084 34925.85295 464978.757858 6978.354641 239656.260684 46045.506269 3767.171579 324275.548147 142705.682085 1948.158054 10996.876031 2754820.51697 358245.835908 310502.206978 70310.525613 577607.867084 170034.332612 15164.572807 1730301.081591 2680.287982 12816.690179 138229.694262 960735.424421 294893.381238 172484.466895 4900.205691 1590.679369 4359.929345 8784.030637 12683.605985 7313.155009 1423.824759 26219.498327 6488.529968 174290.060359 3876187.134353 6272705.500717 14016230.447157 7312177.681129 250438.913441 1195342.974322 7321.485021 23732.326433 110897.519944 4365755.458717 0.000301 0.101223 0.000301 6343097.574991 635664.056404 4985815.482391 1047540.576078 5260893.404236 2396561.262647 3957152.832105 59181.77867 65170.174004 69422838.141931 167579.538203 4105929.080017 0 1431838533.04708 0.348465 10.940282 65.636364 2.084814 172.666626 1.379885
6570 887881.060993 1262057.35074 59480.295357 234114.799525 28469.506429 276425.89691 104487.568064 41781.165505 9701.138351 79422.384174 48343.506623 2952.799058 44802.55327 384141.277669 173221.939808 1749.434604 121144.702915 327688.354548 443093.631475 115805.304896 4694669.909844 132225.217511 333711.889652 803486.038716 9852.26215 195102.72798 280544.881678 36175.37382 486193.361352 7395.695165 247793.224811 49974.049487 4009.523799 339943.275309 144949.137746 2100.591245 11948.038335 2947519.855851 379107.010664 327406.594337 75381.175309 601699.085568 176387.72587 15921.21327 1808013.171174 2680.287982 12816.690179 138229.694262 1003062.065842 308064.294202 182641.877273 4900.205691 1590.684323 4343.617599 8758.813398 12683.249087 7313.151433 1498.549123 52829.017886 13117.718699 174391.642014 3875566.792403 6275297.253128 14008209.019471 7331514.334075 251996.37625 1204267.292749 29708.021371 78550.004243 107947.573602 4373636.473156 0.000301 0.099787 0.000301 6346855.200827 626824.121546 4954826.146543 1116651.41028 3747413.659757 2476504.05055 3047093.983762 35385.744076 67003.346227 69531628.675516 107103.835991 4009273.955169 0 1444276617.5823 0.322224 13.484099 60.272727 2.088607 161.612097 1.379963
6643 899495.667788 1361080.447356 62054.064068 239058.293906 29787.908767 283429.207817 89062.266306 43022.721316 10126.307159 82555.437716 50878.243316 3041.297896 50602.945692 434657.126603 205224.382745 1876.495724 125553.61938 345954.800361 453186.031361 131262.581067 4796011.749437 95361.791741 294105.745375 831287.512843 10314.233393 157020.983615 289964.231169 36726.604068 498123.815368 7685.273871 253702.149035 53164.458029 4167.046705 344679.017697 146175.196587 2201.046793 9001.252229 2010642.82703 280965.778194 269599.799823 64774.62211 619087.977504 180228.279543 16398.371595 1857238.949094 2680.287982 12816.690179 138229.694262 1032973.165872 316619.327367 187343.67297 4900.205691 1590.68993 4343.617599 8758.813398 12683.249087 7313.151433 1154.091363 44923.493289 11104.555155 173705.957259 3873705.222629 6273953.415396 13999175.968869 7312939.758049 252643.72536 1210413.423105 17952.394987 45121.858969 106806.700525 4379433.193082 0.000301 0.099162 0.000301 6350101.862055 620173.407802 4835905.847164 1160735.817909 3042969.121915 2506720.641848 2344088.543525 24339.120194 63468.064549 69599585.911163 78221.837416 3001596.473893 0 1447329575.66253 0.351904 12.269838 61.590909 2.093412 153.696459 1.379381
6716 920236.753294 1460128.021345 64430.784044 247862.419427 31104.646082 291003.974117 88913.019103 41614.304315 10545.26957 85444.861032 44698.822479 3122.460028 57809.458404 448140.543437 238262.667706 1996.321899 88533.952751 220296.191269 339020.298311 145202.510681 4888278.561886 102153.091577 295873.409789 860002.99933 10729.739901 165464.807281 298728.271635 37413.897261 512197.429083 7937.558543 219947.385763 39168.327828 4274.827156 353492.241104 147346.424986 2303.954337 9772.480398 2146263.167766 298717.033052 282697.983814 59362.043564 634487.318953 184450.516365 16906.246086 1910050.100425 2680.287982 12816.690179 138229.694262 1035945.364784 324102.780488 192138.946177 4862.033057 1590.695422 4835.818185 9633.053311 12805.510166 7384.71353 1219.648018 38834.96363 9633.964214 173039.467465 3872909.381392 6273445.99596 13990590.275282 7294197.950734 253118.121393 1216568.151574 12825.471986 34807.344317 105674.364483 4385397.514726 0.000301 0.099942 0.000301 6353069.395364 614592.759102 4837498.708105 1118797.582885 3748704.4228 2524182.040276 2529423.551087 34618.429619 59783.569052 69679108.988098 111756.829104 2444564.067642 0 1449659060.34831 0.37853 4.319495 67.545455 2.097186 176.894595 1.379021
6789 943596.764225 1597772.223551 58780.514917 202251.012497 27121.662032 306924.910808 96679.302887 42772.24185 9256.866039 76866.257319 43724.972291 2738.132374 48704.916055 405296.948237 199945.299207 1363.44266 99125.192006 254857.074388 381093.119735 161915.95444 5003246.936187 111615.901186 313382.732174 695111.005298 8486.701802 174464.457871 240200.180163 32530.505125 411513.232022 6983.680036 222277.461997 42671.508914 4402.492294 295725.15736 135280.953827 1891.785209 10620.947548 2335397.538083 318973.841398 296758.923509 64514.968522 552531.828895 158904.769522 14121.03537 1614005.222396 2729.473049 12883.821485 155061.502462 908784.126746 279985.144509 170416.359685 4827.217896 1537.320822 4719.395294 9442.329851 12804.711353 7384.474147 1294.86168 32293.723909 8055.222076 173416.661696 3870754.742885 6268799.062628 13980169.340311 7293492.106099 254690.318978 1226705.36351 9615.531875 28596.335924 100912.539071 4395581.604866 0.000301 0.101192 0.000301 6356659.689885 606445.884548 3252914.280853 1023100.23331 4278152.631571 2567454.331129 3423186.042818 51622.198069 56484.03348 69839458.77795 151514.636366 3016765.741906 0 1459857794.87738 0.408979 4.713161 69.863636 2.102277 209.06873 1.37836
6862 965983.767498 1404743.703754 56657.400589 229106.776982 28491.156474 274520.010283 103990.320712 40262.225078 8941.816256 73025.029471 46669.882454 2805.128893 45597.7135 384300.587712 182234.915963 1530.604812 111379.76962 288546.710439 419666.13078 140662.401872 4735973.047364 122897.216234 333586.684237 746890.460689 9210.845041 184863.384904 252095.421795 35405.307923 448109.570642 7464.144088 223835.897882 46585.993548 3712.157436 325749.94297 142483.426274 2163.086335 11605.176772 2558008.481308 342625.585096 313258.304325 70197.35519 581709.271164 169523.265795 15357.102654 1737843.626216 2707.342573 12584.471728 138922.770151 956148.709367 292245.161426 176764.669626 5159.283524 1536.211361 4558.174538 9190.408089 12742.528775 7349.381394 1382.194206 26808.926276 6681.471005 174317.153095 3868894.967869 6264518.583939 13968960.904726 7324999.625449 257115.856244 1239161.581022 7550.671583 24597.686397 95975.153053 4406884.117002 0.000301 0.10164 0.000301 6360735.146845 595921.893442 4919453.690364 1052029.305953 5260971.801066 2623019.841182 3939280.649272 59097.26457 64603.214601 70016311.43802 167301.720132 4093392.452449 0 1478372231.34619 0.346093 10.572661 65.636364 2.10633 188.611171 1.377718
6935 1008163.002063 1269786.270449 61181.655534 238697.256621 30705.548076 261929.73662 110237.986545 41849.438083 9538.556432 76913.734742 49718.920214 2932.708065 45597.7135 384300.587712 182234.915963 1688.143418 119077.024728 313082.850313 444479.44746 112081.207557 4430989.836359 131513.562143 354814.049258 787963.327998 9812.256372 195495.108495 263401.098697 36684.210717 468562.507932 7920.586631 231991.276048 50570.079136 3958.456975 341490.840293 144751.313312 2331.919455 12611.199191 2737047.749403 362691.552945 330285.984645 75286.354953 605469.223102 175851.447922 16122.462031 1814944.575176 2707.342573 12584.471728 138922.770151 996877.388534 305347.29367 187112.61578 5159.283524 1536.216362 4541.728608 9165.293192 12742.19741 7349.377911 1455.733307 52985.207504 13173.080455 174524.76616 3868371.917255 6267425.353675 13961807.120583 7344631.32891 258822.885123 1248661.731373 30365.174325 81906.030868 95153.169902 4414073.176957 0.000301 0.100262 0.000301 6364403.379809 587486.367461 4891753.534539 1120800.319926 3747467.326011 2709074.625556 3030620.146298 35377.697419 66439.944595 70124151.518397 107004.843218 3998282.313624 0 1490646370.11814 0.320412 13.009244 60.272727 2.110203 177.772304 1.377949
7008 1020477.937636 1373727.803402 63887.311283 243738.90724 32129.690792 268530.119483 93834.78493 43124.664452 9959.480691 80002.987852 52342.82154 3020.815948 51525.358906 434865.762226 217159.523091 1812.423231 123379.019195 330545.506806 454585.633866 128873.297861 4534731.341418 95505.667184 312592.890321 816525.958339 10272.878919 157725.944324 272312.206313 37250.164531 480001.7363 8240.305173 238119.6816 53811.373338 4120.897863 346182.793615 146020.404188 2443.480287 9515.462738 1867107.509325 269153.947713 272128.606299 64675.156584 622615.245716 179675.61737 16604.73452 1863744.598253 2707.342573 12584.471728 138922.770151 1025641.592365 313854.865438 191885.915656 5159.283524 1536.222023 4541.728608 9165.293192 12742.19741 7349.377911 1123.248752 45160.068027 11183.022926 173893.193572 3866567.823614 6266306.799175 13953345.084275 7326218.91437 259585.056461 1255207.024191 18593.227872 47336.453467 95463.722902 4419353.294722 0.000301 0.099626 0.000301 6367556.643505 581092.205451 4782912.350061 1164690.537814 3043022.686637 2732503.167682 2328628.667082 24365.960719 62914.854333 70191632.940944 78167.920448 2994551.711298 0 1493562464.46991 0.349621 11.884534 61.590909 2.115051 170.029935 1.377455
7081 1042720.870319 1477477.776683 66388.163717 252697.025159 33551.741591 275713.585046 93635.156656 41868.146515 10374.464087 82850.676526 45998.863877 3101.572265 58037.558995 449734.962662 253164.946291 1929.531115 86053.40478 211243.531324 340402.162276 144053.20235 4629031.414393 102320.767201 314728.582324 846136.782723 10687.153292 166302.725592 280601.210589 37956.99762 493544.42359 8520.031997 204065.092483 39757.74704 4231.620691 355024.983328 147233.308453 2557.784135 10333.713675 1993685.618969 286292.642264 285322.273948 59201.923072 637390.571675 183881.406188 17118.576876 1916155.862 2707.342573 12584.471728 138922.770151 1024501.019274 321304.532791 196762.422805 5115.603562 1536.227567 5055.383873 10083.067756 12857.350529 7416.837497 1187.840446 39109.721357 9723.075644 173280.959499 3865767.779877 6265846.423766 13945223.655532 7307571.840565 260170.784821 1261762.941657 13342.247195 36269.993045 95655.36273 4424776.31676 0.000301 0.100263 0.000301 6370436.06458 575751.658508 4789706.777744 1122586.645492 3748764.0999 2743091.460188 2511748.853397 34625.781796 59241.53846 70270700.21045 111673.276238 2439897.521016 0 1495757433.14917 0.378996 4.241192 67.590909 2.118757 194.733996 1.377146
7154 1062184.726328 1621914.679019 60671.019618 205453.233249 29234.001497 290956.38365 101805.540401 43057.958854 9114.979557 74596.844221 45121.374404 2720.0478 48995.470175 407820.605954 214950.492597 1333.046178 96460.805173 244691.711206 382810.976002 162243.864659 4745859.540658 111825.988375 333398.065743 701421.396301 8453.401799 175449.512988 225478.788133 33022.305762 396340.042953 7547.766114 206187.725967 43323.74047 4362.04823 297106.499642 135829.361092 2089.07924 11236.072135 2169919.364875 305828.026932 299485.845118 64374.451729 555906.90391 158359.099029 14284.850718 1618151.074849 2757.017702 12654.487296 155844.281317 901482.203699 277632.03413 174368.123097 5084.871909 1480.838819 4938.482599 9893.506732 12856.606398 7416.56791 1261.996589 32517.705748 8131.641764 173784.669131 3863654.080691 6261047.841605 13935442.754427 7306956.792105 261882.215843 1272600.997667 10027.604713 29735.473659 92952.21341 4434103.584528 0.000301 0.101806 0.000301 6373917.389708 568032.705414 3207639.605566 1026552.154493 4278215.492751 2782341.511004 3399882.82466 51558.485309 55970.685658 70430411.699722 151306.374315 3011337.200385 0 1505806610.1004 0.409174 4.647892 69.818182 2.123888 224.61104 1.376569
7227 1039852.718765 1422735.149328 58210.700919 232527.900122 30643.389518 260646.407876 109572.242154 40559.512939 8835.549749 70941.717746 48173.787655 2787.165407 45847.817056 387100.237586 196633.66563 1498.84726 108503.558674 277210.458932 421819.841055 142122.04861 4483019.526232 123158.773385 354933.827075 756103.008894 9176.086727 186018.607415 236767.596256 35959.559822 431783.060445 8073.806209 207711.313961 47307.421351 3679.099034 327351.881406 142802.64665 2386.710562 12282.771229 2377340.50718 328640.603085 316104.400514 70078.392817 584617.508139 168940.382846 15535.908985 1741100.606267 2733.575413 12346.10315 139578.755946 946991.103376 289880.731216 180712.058615 5404.252235 1479.672136 4776.487747 9643.004442 12789.479624 7378.593926 1348.097364 26958.608394 6736.447005 174847.12176 3861856.209525 6256601.563717 13925011.481718 7338559.898063 264461.723014 1285919.979967 7891.2194 25681.826561 90322.149089 4444344.755672 0.000301 0.10227 0.000301 6377864.427947 558387.897687 4876976.304021 1055012.861989 5261050.199379 2847394.333202 3921571.17562 59025.75642 64257.257979 70606139.55646 167081.289264 4083143.92409 0 1524138904.85263 0.343049 10.270407 65.636364 2.128038 204.190049 1.376032
7300 1083986.055451 1342456.311737 62966.969952 242218.664869 33015.479997 247970.451794 116212.098881 42187.351171 9429.100977 74795.840254 51333.54344 2914.268276 45847.817056 387100.237586 196633.66563 1655.686622 116058.195934 300859.86427 446840.138749 148819.479572 4242834.182124 131810.966751 377562.720967 799299.867186 9776.192344 196824.402016 247495.879109 37269.380283 451538.159013 8576.233155 215833.32732 51364.666239 3928.270553 343169.681201 145118.024145 2572.428295 13350.589321 2544247.236324 347998.561075 333253.964292 75186.63424 607992.880344 175244.531605 16309.150899 1817514.185583 2733.575413 12346.10315 139578.755946 986095.137497 302924.415377 191228.639979 5404.252235 1479.67717 4759.848902 9617.87701 12789.171579 7378.590528 1420.566228 53000.196944 13181.253019 175167.820386 3861416.414438 6259718.858735 13918541.194382 7358277.335186 266287.848157 1296017.789978 31126.612508 85271.422652 91020.974219 4450728.455442 0.000301 0.100892 0.000301 6381396.227811 550673.299739 4852747.90737 1123429.344711 3747520.993268 2932571.888753 3015205.012755 35377.197688 66095.083634 70712803.85317 106955.754303 3990109.099477 0 1536275515.49373 0.31958 12.763881 60.227273 2.132049 193.382725 1.376389
7373 1096207.758182 1452011.214954 65835.989689 247329.742449 34548.072765 254230.082542 98790.552489 43505.07438 9847.563075 77860.200374 54054.975765 3002.057995 51206.0544 437220.196423 234286.133912 1779.473588 120270.336354 317684.504503 456969.077731 170332.118875 4348944.388325 98030.074205 332547.457208 829231.020735 10235.710978 159176.445594 255958.918059 37851.073915 462529.254994 8931.381403 222155.711063 54671.157704 4095.202433 347820.061181 146445.739941 2695.422754 10091.956562 1742533.260453 259153.405945 274650.749881 64528.017938 624854.836973 179053.02637 16796.004064 1865843.64413 2733.575413 12346.10315 139578.755946 1013692.151478 311391.622875 196065.834872 5404.252235 1479.682871 4759.848902 9617.87701 12789.171579 7378.590528 1099.211657 45180.460811 11192.351806 174592.599541 3859650.668034 6258717.418352 13910453.203765 7339827.355529 267137.728625 1302969.087123 19352.288152 49683.754846 92440.909023 4455433.700596 0.000301 0.100174 0.000301 6384398.040234 544790.313629 4749574.037507 1167105.614726 3043076.252108 2946042.869843 2314137.787112 24396.425035 62573.61389 70779484.137358 78155.567448 2990423.837402 0 1539079048.19153 0.34775 11.746266 61.545455 2.136994 185.67106 1.375958
7446 1118668.846584 1561167.440679 68489.152341 256394.268855 36078.046467 261087.645651 98384.115217 42417.446601 10260.304903 80683.433825 47506.403392 3082.482901 56950.855383 452966.415167 273683.615548 1896.029075 84415.442312 215105.070092 342927.606728 189896.018408 4445301.27806 104978.645439 335100.056405 860351.970222 10648.95669 167902.343133 263828.926694 38578.531421 475585.631221 9243.388036 188836.978917 40546.216465 4208.516053 356693.405665 147715.319486 2821.460661 10962.503133 1861563.646705 275780.195507 287939.005941 59540.30801 638885.134103 183243.081155 17315.227405 1917801.016992 2733.575413 12346.10315 139578.755946 1008269.703048 318812.458506 201014.721828 5354.085657 1479.688451 5296.842848 10583.061955 12897.597671 7442.161765 1162.980547 39135.066995 9733.395638 174037.357718 3858824.727988 6258197.039719 13902632.135435 7321055.541294 267808.074318 1309935.87856 13968.237518 37855.179214 93647.556344 4460255.056302 0.000301 0.100906 0.000301 6387133.517113 539892.705088 4758591.337415 1124837.140554 3748823.777896 2949060.46823 2495263.114872 34643.433134 58906.153921 70857949.49703 111642.501408 2438255.532562 0 1541163366.94178 0.378399 4.220009 67.5 2.140683 211.863484 1.375676
7519 1134160.204844 1713423.022505 62568.375243 207720.540796 31413.908647 275774.857055 106947.484043 43647.430091 9020.108056 72644.725246 46731.164048 2703.500942 48384.281789 411722.124198 235142.369015 1363.234458 94692.775452 248936.211079 385734.504984 213307.048621 4564169.206318 114688.4884 355002.175366 720431.607975 8423.853519 177212.704147 211951.48304 33583.859646 382020.786161 8228.158443 190776.436485 44192.667129 4341.02624 298590.682628 136975.18176 2292.168831 11924.664259 2027022.972504 294718.672109 302204.596471 64720.320568 558296.261122 157760.458248 14436.129774 1618414.207929 2783.739202 12420.242413 156584.387862 889844.328522 275526.753066 178007.872314 5327.337562 1423.464151 5179.034857 10393.822238 12896.903164 7441.861346 1236.244258 32540.452193 8141.076989 174676.123164 3856723.843451 6253117.687186 13893255.061664 7320115.383887 269645.928075 1321501.267556 10537.542315 30960.021417 92378.813408 4468651.510446 0.000301 0.102345 0.000301 6390439.932404 532862.963562 3177328.356263 1028505.0607 4278278.355003 2984434.658206 3378051.884825 51509.767848 55654.047868 71017045.000607 151163.678307 3009613.203982 0 1551091268.21797 0.407717 4.63484 69.772727 2.145965 237.71627 1.37515
7592 1055510.185557 1500773.075901 60925.019484 234930.334818 32849.367868 247255.915076 115159.036869 41274.41685 8784.322545 69336.360534 49900.711559 2770.805021 45344.926273 391182.13253 215785.225298 1532.055414 106585.015141 282000.900973 425239.689746 185626.861789 4303916.41482 126265.583132 377952.400228 778287.575241 9145.271625 187970.498174 222716.035805 36586.292806 416410.888035 8807.038177 192289.790408 48265.253131 3664.074951 329052.955818 143774.197592 2616.570999 13040.644617 2221748.231414 316836.748741 318941.530386 70429.570549 586498.409624 168305.967829 15700.707248 1740316.021426 2758.96684 12103.826524 140199.067879 933505.093788 287770.193033 184307.772901 5631.998328 1422.246637 5015.713697 10143.698231 12824.508424 7400.82383 1321.304723 26987.877927 6746.747695 175911.818585 3854958.591637 6248357.918191 13883326.874674 7351377.625373 272380.207543 1335717.103473 8322.294189 26849.189287 91444.129666 4477757.287694 0.000301 0.102871 0.000301 6394182.66708 524318.697875 4848054.800039 1056522.930833 5261128.598855 3055668.763318 3905240.799187 58969.14514 64113.352525 71191436.765011 166928.06368 4077420.512506 0 1569273540.85713 0.339336 10.059603 65.590909 2.150339 217.024521 1.374681
7665 1099659.530323 1427757.005868 65938.165155 244685.94048 35381.70956 235520.030584 122181.713535 42956.54311 9377.447719 73173.246512 53180.637891 2897.516538 45344.926273 391182.13253 215785.225298 1692.431163 114036.92434 306005.645761 450500.803162 181145.490816 4141626.103998 135101.368015 402069.626364 823851.540712 9744.209276 198969.877167 232944.247651 37928.478061 435528.891098 9362.256159 200313.319644 52415.620966 3915.436859 344948.729645 146158.156429 2819.458356 14177.038607 2378518.021357 335608.176917 336211.753289 75542.869047 609451.264493 174586.874067 16480.887601 1815953.973273 2758.96684 12103.826524 140199.067879 970990.95408 300763.114547 194971.391004 5631.998328 1422.251695 4998.827381 10118.455809 12824.221592 7400.82051 1392.861986 53025.085105 13187.382592 176353.36524 3854587.475804 6251583.163682 13877311.750185 7370838.023581 274326.286362 1346432.608045 31896.278141 88130.896601 93398.206797 4483328.604346 0.000301 0.101436 0.000301 6397534.071924 517492.837314 4826032.451437 1124602.800214 3747574.661287 3135532.455577 3001336.703841 35384.167706 65948.751748 71296816.579592 106933.005851 3986014.000284 0 1581297404.84332 0.319743 12.63598 60.181818 2.154599 205.98147 1.375134
7738 1100735.02805 1530641.787312 67482.343334 242949.698253 35751.490327 238367.267725 99697.51202 43248.70827 9796.926372 76219.582044 54816.585817 2985.311827 49841.704362 440547.730878 255726.733602 1819.409205 117262.912076 323123.407104 460711.028036 206070.401486 4231341.711733 99184.458388 342601.079973 851551.914387 10189.160114 157925.331233 240151.430047 38464.392339 444305.807058 9491.005744 206053.53295 54944.171451 4086.588626 349496.200484 147561.027017 2910.618554 10471.26299 1640916.178316 250394.736898 275948.280356 63375.331626 625206.31181 178401.987837 16973.057292 1863918.042418 2758.96684 12103.826524 140199.067879 997518.899919 309196.602317 199765.694873 5631.998328 1422.257418 4998.827381 10118.455809 12824.221592 7400.82051 1081.417154 45218.302462 11202.177726 175966.403607 3851714.49107 6249654.272802 13869443.208335 7352247.095907 275563.24794 1354160.299841 20136.063252 51767.851442 95862.826131 4487530.442619 0.000301 0.100821 0.000301 6400402.610326 512272.55341 4700499.368093 1165741.856085 3027314.062442 3137361.171355 2302852.502071 24360.719279 62419.920705 71362881.066518 77799.629205 2993963.99804 0 1584049481.46881 0.346612 11.71052 61.5 2.159733 198.071008 1.374655
7811 1110563.351758 1630367.513353 68598.783799 244116.41344 35924.918888 241351.726668 94694.003301 41182.815419 10207.957057 79008.556812 46939.815603 3065.202264 55055.197046 456853.519444 298320.355291 1938.481939 81589.429578 216351.756473 345314.228725 228579.544069 4308213.764989 105890.421004 333863.358482 880014.43124 10583.660449 162699.328509 246651.939226 39130.702946 454753.635853 9533.06362 173489.456909 40082.958986 4201.990796 358236.640727 148894.884399 2997.15429 11067.823153 1753630.295297 265582.913131 287786.75877 57038.488318 637425.391459 182554.29679 17492.647536 1914952.790996 2758.96684 12103.826524 140199.067879 987745.754417 316520.422971 204637.223259 5574.550233 1422.263033 5561.389152 11135.537993 12926.298584 7460.71568 1144.377895 39260.720498 9765.267103 175596.433391 3849626.267704 6247920.972575 13861882.550978 7333014.295582 276633.736304 1361885.872138 14671.495755 39419.865516 98111.041559 4491841.157949 0.000301 0.101656 0.000301 6403002.260698 508025.383441 4810282.557036 1139098.80853 3751623.085365 3133858.311033 2473896.473577 34558.629065 58758.208102 71440119.758259 111324.071094 2434332.970301 0 1585977304.78949 0.378659 4.205251 67.454545 2.163457 225.699434 1.374283
7884 1111757.345295 1773490.781922 61081.536646 193589.334636 29981.584227 251609.193506 98029.807311 41204.652155 8974.597871 71059.336922 45093.295512 2688.081411 46976.704251 416201.541098 258583.117771 1407.878444 90525.149231 250187.288071 388318.782596 255492.44311 4407053.632366 115328.826202 341288.727131 735859.297463 8357.544258 167824.983105 197389.009522 34006.770919 363589.669394 8253.168259 174532.657353 42718.454149 4336.183173 299786.477793 138755.373911 2381.635935 11731.583811 1909824.384086 282884.756302 300540.249955 60198.870498 557219.340969 157079.896154 14564.820796 1614178.246647 2809.64697 12155.826203 157222.854681 874072.900675 273514.825677 180981.549975 5551.822723 1366.372039 5443.033636 10947.028913 12925.653779 7460.386904 1216.618661 32710.718539 8184.11442 176496.64605 3846351.861762 6241550.135483 13853029.707498 7331231.964264 278905.487089 1374532.219486 11176.717049 32286.56204 98264.126403 4499535.755983 0.000301 0.103076 0.000301 6406136.23648 502037.686403 3143482.72227 1034084.104096 4267658.677971 3172663.834817 3346817.217838 51297.800386 55460.470136 71597764.608907 150766.033959 2989823.181424 0 1595630706.94106 0.407724 4.603351 69.772727 2.168885 251.381608 1.373721
7957 967673.449125 1543625.785274 59702.380315 211782.929778 30108.10961 222736.117903 100525.299973 38040.927661 8784.508483 68153.387806 46828.102568 2755.724648 44064.930623 395838.546502 237399.102432 1580.16454 101024.040268 283495.838187 428354.99006 220898.746654 4131338.228214 126690.063457 351375.899883 792960.774082 9058.71717 174155.141891 206649.759128 37005.543287 394667.16288 8533.10001 175278.711719 45698.438986 3664.676321 330522.747226 145444.74851 2668.232844 12520.946366 2094818.264735 303290.914658 315728.328888 63764.666793 583910.254274 167643.210515 15846.177867 1735352.131143 2783.523631 11807.475739 140791.977157 915936.673299 285756.034794 187112.498471 5840.273253 1365.059415 5277.437999 10695.779812 12847.668346 7416.105414 1300.93903 27140.995747 6785.020201 178066.985391 3843451.765186 6235424.871975 13843807.861153 7361804.721063 282128.195806 1390146.93964 8912.389964 28201.253648 99173.091073 4507948.960793 0.000301 0.103517 0.000301 6409694.75217 494909.799047 4770188.173218 1064043.38728 5235136.089511 3259386.256488 3884231.100519 58845.739611 63843.320937 71772157.636711 166583.980394 4060227.715578 0 1613643099.45828 0.335773 9.869638 65.590909 2.173448 230.332293 1.373261
8030 997326.906488 1441085.441016 62991.808163 213025.473576 31031.368975 209581.605468 101662.750646 38410.400922 9381.186088 71967.689276 48579.571443 2882.402097 44064.930623 395838.546502 237399.102432 1744.287696 107175.701611 307675.706638 453920.194878 201180.862082 4045205.560705 135293.721709 362273.676161 836984.816116 9638.145829 180533.779278 215391.991499 38312.364546 410967.103925 8768.035303 182295.814364 48687.483084 3919.953963 346524.46036 147914.493686 2826.907589 13305.348637 2244068.999209 320437.568254 331457.91594 66693.742876 605482.080295 173953.986792 16637.233913 1810625.201495 2783.523631 11807.475739 140791.977157 951982.400863 298719.014527 197791.389606 5840.273253 1365.064479 5260.191492 10670.24479 12847.39934 7416.102147 1371.938697 53116.494046 13208.192645 178796.356 3842059.628027 6237888.266676 13838523.250801 7381568.837264 284548.250137 1401985.410246 32969.233838 91347.277861 102823.981056 4513109.414463 0.000301 0.102039 0.000301 6412896.479118 489285.421235 4787430.592843 1141615.541325 3776092.974555 3343961.390311 3001652.293945 35653.135867 65849.291139 71877290.666934 107208.604097 3989322.267905 0 1625693395.02981 0.319978 12.511155 60.181818 2.177811 219.033348 1.373782
8103 996708.574566 1542041.694957 64183.51837 203920.459083 31216.096772 211799.553005 84069.970823 38707.976713 9802.21427 75013.640317 50314.776389 2970.032696 47857.917666 444316.602251 278000.796288 1874.182323 110049.36951 324867.737727 464173.001339 228116.225709 4150074.187366 98833.265352 308435.668676 866499.650642 10078.768518 143331.84035 221916.121142 38854.480008 418580.672107 8840.820516 188257.691718 51021.903779 4096.378155 350976.398019 149400.579901 2897.380438 9777.809935 1562184.403574 240582.167791 272467.86832 55514.504172 621027.529458 177721.993832 17133.292505 1858066.761582 2783.523631 11807.475739 140791.977157 976919.120392 307845.755522 202012.913498 5840.273253 1365.070221 5260.191492 10670.24479 12847.39934 7416.102147 1068.650087 45389.806976 11244.229054 178104.705483 3839611.883474 6235852.445541 13831279.734408 7362793.929408 285641.118427 1410239.077164 21302.392439 54352.605835 106786.806731 4517084.260157 0.000301 0.101358 0.000301 6415648.948226 485031.250541 4682661.585395 1165456.762621 3027367.839096 3338175.082923 2293348.179315 24439.243063 62321.684425 71942592.897125 77805.908184 2997749.289662 0 1628372703.64586 0.346109 11.782793 61.5 2.183008 210.941188 1.373341
8176 1005150.706674 1640599.383783 65083.415805 197681.350679 31322.550107 214435.505768 81724.009856 37116.054591 10214.730263 77801.008083 43413.593686 3049.694601 52881.785931 460800.865322 322623.388511 1995.893369 77125.493352 215633.463254 347558.569972 252515.819529 4243850.653315 105481.947391 308950.285235 897242.68652 10470.537303 146945.47388 227834.977285 39536.443967 427946.529032 8853.360535 158001.01171 37363.78061 4215.247072 359691.835934 150813.253399 2966.089043 10341.599093 1670506.094224 255534.616417 284582.506297 50856.8476 632763.126173 181821.70819 17656.898742 1908532.575808 2783.523631 11807.475739 140791.977157 962674.116569 315868.414487 206314.406229 5774.853748 1365.075853 5850.145607 11743.20288 12943.493613 7472.530021 1131.096567 39487.641304 9821.158809 177415.258269 3837976.050166 6233906.925178 13824252.806937 7343231.565534 286530.234472 1418453.921172 15688.787964 41276.482857 110439.441846 4521185.683958 0.000301 0.102099 0.000301 6418139.409862 481570.235571 4792661.502099 1138715.72339 3751682.115845 3331676.092362 2460695.584534 34596.40103 58660.755542 72019378.203728 111291.55771 2436401.268729 0 1630204218.91296 0.379481 4.242874 67.454545 2.186663 240.111738 1.372978
8249 1007055.358088 1783053.981335 57871.759574 158053.850868 26155.171619 223849.218745 85732.470836 37263.945827 8980.710764 69900.694778 42241.359736 2674.591448 45380.095734 420536.976684 280113.421331 1430.669706 85613.761906 249372.085277 390938.345043 281674.045619 4360431.324132 114847.628172 319467.101961 761585.550672 8274.396287 150822.296882 182308.174798 34400.306374 342303.449894 7726.261961 159343.835657 39879.469908 4352.503514 301042.757093 141145.013786 2333.718192 10969.422474 1820425.765271 272539.438572 297620.206168 53635.791022 554556.218244 156365.321327 14689.016828 1607272.361314 2834.695427 11860.279831 157891.062974 853544.076287 273674.690871 181888.954261 5755.741759 1310.618291 5730.102926 11553.564828 12942.88889 7472.171824 1202.792589 32937.293722 8239.080074 178084.186641 3835226.290551 6227168.696456 13816103.469848 7340963.908237 288650.435229 1431966.943948 12043.833956 33734.734256 112127.406193 4528582.611178 0.000301 0.103684 0.000301 6421134.022232 476716.699078 3124923.353649 1033493.028842 4267722.453841 3375168.203895 3327601.434046 51118.042005 55358.014788 72176495.383415 150604.952922 2988478.212859 0 1639742378.3136 0.40951 4.626205 69.818182 2.192174 267.845569 1.372466
8322 819548.447177 1552015.758418 57098.717971 167080.01239 26419.176633 198076.513323 88940.010693 34810.647228 8831.263258 67420.708591 44242.078375 2742.417422 42685.373524 400248.615053 256590.656897 1604.660202 95589.277926 282563.935894 431433.182176 242834.246867 4094414.200433 126125.732101 332726.953888 822207.840421 8971.484351 155760.514358 190856.655941 37453.357746 371342.287709 7963.938452 160372.438554 42720.415687 3681.317406 331915.788924 147817.29817 2594.31189 11715.035591 1997976.674329 292569.90188 313093.806322 56746.312971 580876.690187 166853.45829 15980.893056 1727078.637937 2807.206054 11501.427543 141344.582639 893143.265932 286439.378804 187418.870422 6027.150313 1309.240288 5562.147463 11300.858679 12859.002502 7424.470832 1286.476722 27324.226873 6826.764433 179464.221312 3832888.416811 6220680.455 13807700.166186 7370955.873045 291732.584892 1448660.246848 9660.745673 29591.684228 115046.903777 4536595.142693 0.000301 0.104233 0.000301 6424528.978932 471015.619853 4752297.371861 1063167.094233 5235213.217757 3471478.646953 3868062.549923 58786.088216 63736.280833 72349860.905515 166404.189139 4053289.691987 0 1657610429.06158 0.33368 9.901678 65.636364 2.196895 246.543061 1.372079
8395 845998.938176 1434251.465138 60097.862543 160578.119123 27210.106183 188164.928679 91049.793007 35294.078861 9432.303177 71234.905983 46281.275905 2868.818226 42685.373524 400248.615053 256590.656897 1770.075364 101376.210393 306625.420866 457224.047446 209314.041582 4068956.100681 134655.644788 346910.947736 869095.264385 9547.48825 160695.954224 198903.716775 38786.599848 386257.53343 8156.585203 167367.945218 45576.209283 3939.77641 347935.089042 150384.833785 2729.278572 12455.439114 2141302.187196 309458.860815 329115.806336 59256.201616 602183.226908 173101.225899 16777.187101 1801412.398213 2807.206054 11501.427543 141344.582639 927130.957573 300094.072554 197511.84472 6027.150313 1309.245363 5544.547878 11275.024764 12858.750971 7424.467631 1356.909142 53165.14734 13210.735046 179939.393751 3832072.62222 6223162.049978 13803114.050338 7390287.879996 293963.74856 1461238.413389 33944.883075 93539.680296 120793.082164 4541502.427591 0.000301 0.102645 0.000301 6427601.538258 466560.771542 4769634.356925 1140517.589488 3776145.716167 3552235.713836 2988311.023057 35657.283725 65730.834443 72454020.601423 107168.269074 3983091.882827 0 1669552943.38073 0.32024 12.718107 60.181818 2.201418 235.14163 1.372686
8468 841900.846391 1533667.676332 61136.42191 152236.006385 27381.512933 190131.625318 75147.703568 35767.097373 9856.190936 74281.679019 48089.535757 2956.265358 45992.212215 447761.272547 294861.310139 1900.982345 104049.04937 323707.867468 467514.440513 236704.661632 4170509.646866 98049.865605 292768.913672 900849.586042 9985.405212 129049.108722 205076.692896 39341.403684 393887.197143 7937.073926 173496.491566 47569.7976 4119.994696 352422.933611 151949.508548 2784.858103 9148.516185 1504899.685403 233506.695504 270910.35541 49376.828852 617337.754946 176879.180343 17276.364656 1848240.372191 2807.206054 11501.427543 141344.582639 950971.391933 307840.175829 201843.399876 6027.150313 1309.251115 5544.547878 11275.024764 12858.750971 7424.467631 1059.974906 45401.315699 11234.678864 178219.816417 3829238.30606 6221942.663917 13796417.521416 7371144.82047 295144.961222 1469807.684524 22337.292698 56050.038385 126588.309638 4545334.772608 0.000301 0.101961 0.000301 6430255.079801 463186.211716 4666551.502064 1164227.566742 3027421.615929 3532650.747762 2281157.208711 24474.595237 62199.830499 72518781.663618 77806.254477 2994590.299008 0 1672145951.01895 0.345545 12.093787 61.5 2.206725 226.986403 1.372155
8541 846128.147773 1630519.119329 61889.098679 146288.155645 27483.427134 192524.820026 73145.361968 34599.226223 10271.68925 77068.30627 41665.333524 3035.74025 50876.023235 464302.6356 339999.238919 2023.596331 73430.796653 213951.655311 349901.518673 261510.40371 4260285.021441 104588.043737 295993.342071 933927.554118 10374.805628 133006.102709 210673.887909 40040.491594 403218.391921 7648.64132 145457.958689 34723.715367 4241.464401 361239.892996 153437.197579 2838.1346 9749.014721 1610194.039143 247934.415912 283336.955633 46322.100361 628160.653158 180989.356176 17803.676785 1898088.092225 2807.206054 11501.427543 141344.582639 933278.337705 314484.714213 206259.381542 5953.396232 1309.256755 6164.053788 12408.434023 12949.221308 7477.632249 1122.032952 39480.344511 9805.097129 176494.654378 3827154.095839 6220632.260976 13789871.666073 7351183.176645 296118.536147 1478340.8996 16611.308179 42554.598725 132000.641211 4549299.295422 0.000301 0.102591 0.000301 6432652.633419 460425.432667 4777410.375295 1137413.131382 3751741.146479 3520017.659452 2447038.978488 34618.072823 58538.455236 72595237.541113 111267.958535 2435197.257386 0 1673891338.6162 0.379271 4.346555 67.454545 2.210341 257.941716 1.371665
8614 849237.529682 1771688.282088 55012.21181 121152.995505 23032.193753 201316.666332 76233.580961 34946.89455 9029.237982 69157.181764 40782.519065 2662.494129 43821.119544 424492.824563 293249.968326 1435.591937 81567.764593 247425.529353 393669.718769 291157.173886 4373650.492245 113816.595593 305329.418899 798264.603476 8203.466241 137222.758604 168746.225313 34870.017502 323588.145778 6478.201452 147081.086601 36858.411584 4381.028664 302490.883999 144019.037449 2213.244816 10416.516678 1755759.058118 264344.835932 296696.874673 49252.829495 551804.865571 155647.233528 14800.782461 1597054.134887 2858.864931 11589.249209 158513.470826 829317.919478 271246.042271 181985.935062 5937.628987 1257.217237 6041.981801 12217.052513 12948.652554 7477.245667 1193.320104 32925.83789 8219.812103 176188.590679 3824033.022352 6214375.321429 13782358.387021 7348351.812736 298365.437293 1492567.307189 12858.214618 34805.109699 135498.731816 4556436.369274 0.000301 0.104237 0.000301 6435523.273229 456565.921751 3109217.588793 1032003.886848 4267786.229744 3566696.084581 3309787.385239 51075.451214 55243.604169 72751920.61308 150466.767766 2986055.609262 0 1683326892.56776 0.410179 4.677001 69.818182 2.215964 286.968317 1.371053
8687 703790.465336 1541925.715265 54652.551452 129481.073347 23427.143047 177963.893688 78422.941067 33117.220749 8912.140531 67039.840656 42888.657819 2730.486437 41281.150029 404322.398566 268010.812923 1609.447559 91127.881038 280325.106016 434639.80888 250522.797847 4093688.610151 124937.061571 317336.081265 862830.51672 8897.009656 142460.718092 176851.391223 37980.283461 351780.126223 6354.014887 148392.030195 39273.683982 3710.328061 333629.391291 150763.441662 2445.233279 11201.979434 1928136.706292 283692.22096 312501.789469 52489.059605 577501.93004 166127.047745 16102.137748 1715345.431637 2830.010894 11247.671352 141867.748502 867249.134912 282810.848735 187616.243563 6191.828043 1255.789874 5871.211237 11962.09802 12858.564882 7425.95573 1276.528199 27291.223602 6800.731906 176609.606488 3821372.346976 6208380.98231 13774708.902767 7377709.166346 301600.23522 1510194.6991 10367.303151 30675.412787 140959.219926 4564021.964061 0.000301 0.104803 0.000301 6438771.311843 451879.702763 4737538.569122 1061422.38914 5235290.345942 3663543.981943 3853435.350019 58737.86066 63649.02069 72924354.367081 166264.836308 4047609.318286 0 1701072562.90099 0.333293 10.009374 65.636364 2.220855 265.498836 1.370588
8760 725706.244305 1420411.689937 57455.02586 123677.661441 24168.580263 171394.048147 79616.187946 33805.786166 9519.069359 70850.781682 45041.935378 2856.651922 41281.150029 404322.398566 268010.812923 1774.484991 96635.670192 304131.35159 460668.999925 208110.761452 4115463.07538 133326.124256 330223.248164 913021.359134 9470.011469 147728.725844 184477.517922 39341.558619 366475.884418 6164.901783 155347.617157 41686.851942 3971.474628 349796.033834 153427.896034 2557.836909 11988.115121 2067371.417718 299967.03858 328863.44843 55164.821012 598282.409133 172379.422216 16903.210503 1788667.290753 2830.010894 11247.671352 141867.748502 899780.97292 295062.695895 197834.236272 6191.828043 1255.794954 5853.211551 11935.885623 12858.329116 7425.95259 1346.532441 53097.774753 13179.821434 176071.069055 3820253.286495 6211754.082432 13770769.939853 7396556.221036 303939.416222 1523352.985919 34766.136357 95138.735791 149507.515071 4568626.51268 0.000301 0.10325 0.000301 6441731.384665 448187.9009 4755073.929787 1138571.811202 3776198.457661 3734388.368297 2976885.080602 35671.684497 65638.655564 73027602.589241 107151.686654 3978954.197239 0 1712925178.5148 0.322398 12.95865 60.181818 2.225529 254.096012 1.371136
8833 720764.643486 1518514.517389 58772.446314 120177.502524 24138.129452 172760.732762 65760.538915 34272.896669 9946.879065 73895.394342 46847.966711 2943.942327 44291.585324 450875.597358 300333.08185 1905.076078 99659.440897 320990.553819 471009.613221 234836.723658 4223379.88165 96965.807643 274146.59969 946486.671839 9905.556015 119885.542872 190273.228262 39910.116915 374014.426924 6217.440873 161512.739578 43587.112742 4154.832422 354292.638726 155066.147472 2609.682457 8731.70494 1465858.824833 227777.429569 270781.030523 45932.963061 612989.569113 176155.485243 17404.620702 1834834.138987 2830.010894 11247.671352 141867.748502 922011.813563 302765.679139 202390.914065 6191.828043 1255.800708 5853.211551 11935.885623 12858.329116 7425.95259 1054.274554 45230.492131 11173.542328 174479.657212 3817809.918192 6210494.847222 13764595.855939 7377002.893518 305125.278372 1532321.297835 23253.70975 57345.396248 157787.342565 4572262.291041 0.000301 0.102525 0.000301 6444293.811646 445377.354502 4654434.421763 1162166.5445 3027475.392623 3700145.803359 2271053.094397 24511.050748 62105.087037 73091897.16887 77820.303701 2993194.980788 0 1715443790.89346 0.348104 12.330937 61.5 2.230844 245.960464 1.370695
8906 724050.094957 1613884.978346 59822.402554 118832.376648 24035.841799 174550.75564 64435.065028 33224.695459 10366.402692 76678.274464 40667.746199 3023.260805 49052.320718 467374.18456 344470.004792 2027.355598 71145.814156 211717.129551 352452.004457 258992.385462 4319075.849498 103440.422793 278341.894593 981350.1732 10292.86453 124374.705921 195519.400858 40627.487999 383207.778951 6227.150733 135374.752805 31903.11074 4278.430269 363185.572179 156624.036006 2659.389248 9307.404931 1569176.18513 242148.196069 283314.58062 43818.780276 622757.949029 180264.199215 17934.67967 1884007.42924 2830.010894 11247.671352 141867.748502 900848.735283 309375.458289 207038.865587 6109.669992 1255.806348 6504.541087 13134.602062 12943.523153 7476.052255 1116.04074 39256.109052 9728.534563 172882.434477 3816058.218315 6208970.247301 13758511.21121 7356618.043463 306100.987033 1541261.025232 17437.0425 43527.378914 165562.682076 4576018.987085 0.000301 0.1033 0.000301 6446605.651417 443056.491003 4766715.465324 1135293.280429 3751800.176879 3677838.810572 2436088.094586 34642.687303 58444.020743 73168090.162756 111269.723346 2435648.624428 0 1717115974.85261 0.38273 4.420837 67.454545 2.234307 278.919158 1.370264
8979 732423.849642 1753961.745955 53534.133721 102849.083778 20045.997911 182414.952328 66838.928095 33571.517209 9109.721922 68726.640785 39900.807003 2651.6774 42286.596882 428034.595381 296697.241237 1426.763036 79583.45272 244810.834964 396635.478537 287877.315548 4439600.704679 112579.974717 284396.61214 839243.45915 8142.64558 129139.976754 156730.357829 35402.968981 308310.385429 5585.402979 137193.210092 33943.948349 4419.681323 304209.16369 147196.307354 2063.9984 9947.637171 1711877.141081 258482.730276 296786.295426 46801.629672 548296.633895 155004.104868 14899.519504 1583684.089158 2882.15099 11307.522415 159102.180227 801435.819673 266708.116915 182879.922139 6096.92051 1207.020819 6380.109645 12940.904253 12942.986613 7475.638439 1187.020536 32670.296343 8132.721042 172754.392087 3813344.996836 6202347.619287 13751587.979626 7353205.759097 308391.462253 1556309.827573 13578.678882 35604.643291 171295.016391 4582746.967781 0.000301 0.104794 0.000301 6449356.939262 439806.648866 3098255.724964 1029709.862079 4267850.005149 3719031.228474 3296314.045986 51045.24073 55158.658875 73324400.651168 150382.675083 2986077.021351 0 1726468686.83816 0.415786 4.700774 69.818182 2.239923 308.582986 1.369736
9052 660362.614367 1525583.672059 53641.516426 115518.209701 20356.496857 160661.227814 68287.340732 32053.912495 9014.611085 66877.647963 42017.854896 2719.819079 39848.676308 407997.920994 270900.194111 1599.288215 89454.59761 277292.454754 438115.357505 247391.300208 4151183.396733 123594.163501 292996.708532 907712.566716 8833.043239 134922.675331 164371.02676 38573.137662 335657.210687 5773.853139 138713.215464 36249.265629 3749.044198 335585.664237 154100.214031 2279.100388 10700.374996 1880848.871846 277718.854833 312708.598636 50075.557121 573323.283708 165465.454577 16208.598568 1700308.786571 2851.941518 10934.659454 142363.952062 837176.99038 278544.713046 188676.80033 6334.353418 1205.551479 6206.083604 12682.958426 12846.414543 7420.600552 1269.872659 27012.481859 6706.424166 173379.138095 3811145.411282 6196010.631687 13744626.808989 7381941.945143 311693.974808 1574993.715766 10963.710304 31464.587815 179824.548901 4589736.444749 0.000301 0.105305 0.000301 6452462.072812 435645.501062 4727218.327878 1058895.775993 5235367.473471 3801285.377816 3843086.966091 58709.275001 63612.539577 73495972.015282 166192.124271 4046083.702691 0 1744122447.81424 0.339691 10.066996 65.636364 2.244853 286.99358 1.369375
9125 682772.964453 1410602.0401 56764.664593 114965.041332 20812.26519 156714.430983 68853.519729 32735.866168 9628.250112 70678.475543 44183.537195 2845.781601 39848.676308 407997.920994 270900.194111 1762.892757 95364.757334 300744.692591 464407.641308 201044.212147 4211376.4577 131899.800324 302353.443523 961036.850599 9403.364906 140773.435984 171551.796487 39963.95599 350041.515285 5926.789003 145522.682285 38559.930005 4012.136376 351874.202674 156859.081171 2383.167604 11453.401685 2017408.737252 293947.623799 329189.197194 52804.650415 593529.49083 171710.320541 17013.253692 1772538.705927 2851.941518 10934.659454 142363.952062 867709.116243 290742.970757 199157.533851 6334.353418 1205.556557 6187.637725 12656.29222 12846.192975 7420.597466 1339.555525 52893.93742 13114.282795 173009.594157 3810507.566426 6199441.678436 13741267.685635 7400284.532446 314055.176195 1588838.780356 35340.283184 95876.529243 191833.701944 4593906.807935 0.000301 0.103843 0.000301 6455314.440019 432287.832826 4745193.064582 1135865.414607 3776251.198645 3853222.142183 2969530.352138 35684.469285 65600.373753 73598370.377112 107157.377414 3978738.983412 0 1755904114.7721 0.331318 13.03699 60.181818 2.24954 275.652225 1.370058
9198 680079.53571 1507329.772116 58252.376076 111619.839797 20657.578652 160457.682807 57297.001836 33428.323271 10062.164326 73733.196375 46131.624531 2933.206459 42709.290927 453657.583615 295867.267624 1892.721682 98265.239982 317486.927533 474871.719047 225564.515174 4322086.233829 95311.486013 250282.213669 995883.030125 9838.52388 115139.646651 176645.336976 40537.316681 357548.741068 6155.351156 151598.180746 39495.893682 4197.867016 355992.827921 158558.291991 2406.341823 8312.448279 1441282.853482 224167.423853 271530.600762 43069.129691 606316.530121 175407.296686 17518.725068 1818165.750655 2851.941518 10934.659454 142363.952062 889137.778014 297664.781263 203895.091715 6334.353418 1205.562302 6187.637725 12656.29222 12846.192975 7420.597466 1050.64462 44842.540937 11055.788555 171226.926504 3807805.455519 6198837.559842 13735490.588636 7380453.583141 314287.430997 1590507.986395 23940.704968 57891.376949 203216.59436 4597266.752524 0.000301 0.102983 0.000301 6457804.960718 429703.091185 4587050.548691 1178991.74413 3004507.923217 3802696.016875 2266876.160269 24491.406596 62058.779231 73662526.483675 77553.900833 2999323.481854 0 1758403966.78177 0.357435 12.46079 61.545455 2.255331 267.564158 1.369659
9271 686281.904473 1600287.509797 59467.325034 110292.569349 20424.404432 164635.807364 57084.675608 32656.936995 10484.77517 76512.138806 40236.893206 3012.134323 47330.739267 470107.850618 338504.715664 2013.779196 70256.050415 209065.192034 355179.617869 247319.860568 4419169.749264 100921.423609 255827.18128 1031951.544145 10223.070805 120126.346692 181171.508646 41249.680018 366554.574009 6348.360703 126993.487071 28176.540056 4322.312143 364475.411275 160164.478201 2424.9315 8907.525799 1543060.585874 238153.546863 284625.107269 40999.725892 613478.411481 179390.832413 18047.453141 1866236.171358 2851.941518 10934.659454 142363.952062 865860.099665 303427.675368 208698.81025 6244.026448 1205.567945 6873.465878 13925.892053 12926.447546 7467.823997 1112.045628 38820.790003 9596.219058 169417.506372 3805726.76573 6197720.674083 13729773.559642 7359597.326105 314272.824476 1592015.775615 18075.364063 44016.977387 213862.644568 4600691.48209 0.000301 0.103732 0.000301 6460062.797807 427578.276165 4784565.751085 1168685.344527 3759002.524396 3764299.370814 2423301.12167 34548.975408 58403.012536 73737891.255462 110891.442919 2434125.655264 0 1759956461.98324 0.392525 4.462787 67.454545 2.259125 302.748171 1.369219
9344 701241.227547 1737622.349439 53330.854881 95762.606357 16992.881331 174799.051431 59323.261169 33243.705634 9208.098804 68510.657097 39662.340755 2641.615532 40687.284507 431285.005245 292590.991042 1409.99323 78438.772965 241675.514213 399618.731766 273390.379248 4541996.693522 109050.563301 262696.253238 882645.219164 8089.082491 125399.244972 145055.881987 35926.367968 295441.160219 5812.141264 128934.775848 29092.474054 4463.718989 304973.835063 150453.590702 1848.476191 9567.403813 1683286.76839 254029.684446 298657.603047 42946.873929 539662.015204 154103.359959 14977.058099 1566572.043591 2904.589297 10995.225233 159599.706194 771422.833712 260621.32828 184418.979021 6233.971255 1160.704305 6747.140253 13730.518237 12925.943631 7467.388338 1182.480469 32221.907248 7994.149197 169105.438578 3802759.437529 6191419.955848 13723329.987263 7355449.80183 315582.77335 1599879.603203 14138.880566 36072.050018 222035.74591 4606906.076432 0.000301 0.105331 0.000301 6462752.095526 424610.505879 3083230.100713 1016261.73161 4256195.361666 3787816.592248 3279053.010229 50927.639264 55074.535069 73892985.758588 150054.126967 2970681.819283 0 1769090136.31459 0.427457 4.735423 69.772727 2.265195 332.492937 1.368703
9417 699422.165041 1509253.247717 53629.079231 108056.097957 17319.651424 156028.015259 60643.325408 32146.358984 9124.925908 66829.979652 41946.123003 2710.035166 38292.034351 411428.749197 267285.561307 1580.38794 88102.339135 273892.034712 441702.221316 233896.494335 4239644.539474 119001.300623 271906.910591 953307.352601 8776.105966 131724.065136 151859.324619 39152.989757 322148.790445 6209.948398 130609.102979 30165.021653 3794.0142 336310.605919 157575.451915 2012.693713 10339.131272 1850345.627358 272843.027323 315179.273579 45119.503807 562394.277997 164483.439169 16298.319497 1681825.051784 2873.044381 10614.611539 142832.359183 805796.534667 272104.259586 190290.836296 6455.600493 1159.197372 6569.002297 13468.334005 12822.62434 7408.455161 1265.129901 26543.33666 6561.778553 169600.41931 3800326.917261 6185226.020646 13716925.926778 7383777.618029 317928.466487 1611620.701441 11407.109596 31943.871353 233697.831265 4613352.778184 0.000301 0.105998 0.000301 6465822.352677 420645.107698 4724356.517104 1056883.693309 5253444.879915 3844238.53348 3832254.64101 58501.756274 63471.156236 74064849.716907 165657.355472 4037773.154541 0 1786654047.12928 0.351461 10.195739 65.727273 2.270638 310.780092 1.368371
9490 727397.114049 1405344.642467 56929.285848 107592.249336 17587.027861 156944.782449 61203.211041 33089.288246 9746.843764 70628.177554 44296.028955 2836.11877 38292.034351 411428.749197 267285.561307 1742.325543 93856.023205 297180.617926 468365.900403 187235.605998 4321671.550446 126290.854731 281864.785028 1008350.672182 9344.370122 138170.850945 158228.303994 40569.940798 336363.013218 6586.683008 137197.808934 31174.934452 4059.248876 352422.536071 160418.98159 2076.007077 11117.191339 1985651.125596 288695.49524 332335.57589 46732.357261 580436.765699 170662.972224 17111.95725 1753371.188286 2873.044381 10614.611539 142832.359183 835271.942878 283535.486234 201001.321031 6455.600493 1159.202434 6549.997882 13441.051472 12822.41441 7408.452106 1334.729004 52564.14746 13019.194508 169077.924447 3799535.684803 6189339.428334 13714069.966542 7402652.200333 319288.496701 1618180.461664 35711.500529 96005.594012 249468.399682 4617151.27924 0.000301 0.104417 0.000301 6468699.195319 417381.924018 4607143.502636 1109053.908146 3772973.60504 3877113.624259 2981834.803356 35926.85085 65636.901881 74167350.316014 107434.747922 3990918.931048 0 1798519512.73558 0.344354 13.201913 60.136364 2.275779 299.507788 1.369126
9563 723380.028945 1503880.301009 58323.112523 104123.752766 16961.617527 161123.668734 51408.078329 33979.901028 10185.587133 73675.951828 46246.200323 2923.485942 41125.606323 456328.042768 285803.937441 1870.727481 96938.987819 313670.076018 478932.382185 210961.383414 4426707.786259 91729.583582 228663.803218 1044725.981849 9777.619434 113511.149957 163064.78028 41189.084096 343456.895154 6766.988745 143039.516195 31090.585872 4246.403385 356633.395422 162118.573715 2096.834599 8000.689895 1426537.148712 221016.466078 273831.010898 35160.165693 589810.86237 174419.885063 17611.027244 1798304.324635 2873.044381 10614.611539 142832.359183 854340.719127 290418.181541 204788.353495 6455.600493 1159.208169 6549.997882 13441.051472 12822.41441 7408.452106 1047.894255 44323.862601 10906.571912 166790.449663 3797256.919707 6188650.423919 13708779.746526 7382837.656965 318836.092967 1618098.032264 24513.631772 58137.530754 264249.620397 4620259.346629 0.000301 0.103613 0.000301 6471221.51891 414866.407259 4585584.634932 1175422.967799 3004561.056928 3814318.759778 2269728.218518 24549.562268 62096.694393 74231374.10831 77577.902109 3009384.734743 0 1800984141.34213 0.371172 12.672563 61.545455 2.281778 291.508619 1.368679
9636 729349.742728 1598529.01851 59437.289371 102561.128115 16243.39995 165772.028691 52312.973119 33360.789682 10612.827026 76445.564473 40351.234216 3002.298501 45689.637107 472615.724218 326504.050707 1990.405185 69549.413386 206423.585442 358128.361544 232186.899785 4517390.045345 97417.175419 229934.114232 1082308.152623 10160.294518 118873.447205 167359.912642 41951.26761 351998.814257 6903.924773 119598.730404 21392.093281 4371.752193 365257.233986 163720.363485 2113.592638 8559.873054 1527629.349063 234766.845663 286757.319174 32442.021009 593560.940646 178459.827193 18132.826099 1845602.250755 2873.044381 10614.611539 142832.359183 828177.065107 296140.840659 208626.757159 6357.539648 1159.213801 7272.611326 14786.684171 12898.050169 7452.990221 1109.098726 38223.625483 9424.66066 164468.620867 3795547.742928 6187281.454435 13703488.942043 7361912.194135 318128.954437 1617842.956228 18639.092597 44309.254486 278015.022081 4623414.957459 0.000301 0.104447 0.000301 6473513.669146 412802.405501 4784655.82631 1165052.178732 3759062.123847 3761909.103284 2425199.781403 34572.069699 58440.709379 74306659.123851 110905.353286 2440673.220348 0 1802474350.25888 0.406569 4.56113 67.454545 2.285602 329.070237 1.36816
9709 743128.261613 1737586.367434 53098.565028 89109.399189 13126.904211 176500.259653 54669.174299 34156.585253 9317.062459 68412.236173 39756.538241 2633.068855 39176.895112 434170.946632 283541.475513 1391.878009 77886.720215 238630.887637 403045.035253 257571.475308 4634519.142716 105563.00987 232241.496098 926222.950723 8042.670513 124541.697575 134253.727175 36573.248072 283963.055107 6186.11977 121572.066134 21157.911186 4513.614948 305855.313471 153490.536111 1602.613551 9180.246326 1666826.042646 250384.780295 300620.453117 30981.24736 519995.108802 153352.360394 15029.907038 1547434.226887 2926.164117 10691.195035 160111.689652 737161.104771 254095.520998 183493.843341 6349.653967 1118.765004 7143.280579 14587.93042 12897.571914 7452.531821 1179.317484 31607.165214 7815.034169 163669.457844 3793019.153937 6180582.048008 13697565.697776 7357765.602304 318757.606471 1624198.051445 14639.566105 36411.403671 288401.062805 4629178.14775 0.000301 0.106003 0.000301 6476231.901227 409939.172781 3083099.13324 1012473.193527 4256260.66852 3766255.803348 3281920.748814 50936.1762 55101.07949 74461504.436833 150076.134729 2975533.801172 0 1811548283.24852 0.443189 4.833834 69.772727 2.291825 358.300179 1.367577
9782 788654.848523 1508978.027605 53648.237046 100769.388599 13037.476555 157726.291036 56165.018193 33274.868933 9235.497484 66803.940437 42039.975169 2701.62191 36848.011358 414414.955837 259350.534561 1560.594833 87711.328739 270407.843002 445720.003565 221253.133069 4314735.992072 115502.361091 236511.98624 998948.948816 8726.843819 131282.172323 140723.924978 39895.490144 309621.049007 6528.595711 123316.517963 20946.28239 3843.711677 337461.291119 160820.859278 1745.479871 9906.168391 1832653.035571 268899.968681 316976.538686 29454.549657 538817.645729 163772.282704 16346.263999 1660734.258166 2893.304881 10317.859204 143251.791246 768558.287645 265452.560933 188437.742506 6556.84238 1117.223776 6960.988344 14321.318482 12787.272436 7389.571001 1261.716879 25967.810767 6391.203322 163680.72327 3791086.278811 6174022.365125 13691791.354744 7386211.987935 320418.875032 1634561.54336 11815.488073 32354.841796 302984.120634 4635054.932916 0.000301 0.106762 0.000301 6479340.251283 406109.670395 4723913.230287 1052915.237766 5253520.60457 3802308.428107 3835500.011328 58504.019783 63506.740923 74632692.44255 165659.409575 4041909.515245 0 1829058038.34823 0.366957 10.372457 65.727273 2.297437 336.433059 1.367196
9855 818011.694436 1419173.69948 56795.500771 100072.86 12656.718162 160162.669848 56990.629496 34448.464342 9863.909052 70582.549231 44388.697887 2827.554778 36848.011358 414414.955837 259350.534561 1721.019471 93664.055623 293340.367205 472704.663388 178378.360947 4391501.172663 122871.990923 241139.238136 1055677.1179 9292.659988 138167.679873 146779.912785 41376.353991 323195.639129 6843.057956 129595.864579 20607.725258 4111.134037 353749.5845 163682.555677 1800.652271 10637.071595 1967028.498094 284476.474557 333959.737866 27252.431412 553043.642725 170005.530276 17152.323798 1731032.929681 2893.304881 10317.859204 143251.791246 795208.107502 276770.173812 198109.117729 6556.84238 1117.228832 6941.44089 14293.43383 12787.074057 7389.567992 1331.091555 52239.44237 12924.734717 162647.026536 3790825.683312 6178169.283688 13689494.538008 7405116.18623 321059.399179 1639482.516556 36143.721749 96719.79979 322599.24065 4638473.419331 0.000301 0.105085 0.000301 6482285.976567 402944.247497 4607201.362026 1104966.419039 3773029.184483 3821320.011245 2985010.100279 35924.5691 65663.436281 74734635.095434 107420.708713 3993822.398299 0 1840860712.13347 0.360142 13.366565 60.136364 2.302713 325.22118 1.367933
9928 817621.845158 1516481.3338 58160.766316 97115.393691 11778.71933 163604.870664 47907.844015 35322.505509 10306.955241 73614.248223 45877.703905 2914.817249 39735.280868 458664.608588 273071.488967 1848.216643 96498.504557 309656.728605 483384.437678 200661.143894 4505235.088993 89635.460998 193881.804974 1094768.826513 9734.537838 113828.15393 151819.273213 41991.52888 328699.436181 6973.335828 134929.793503 20690.330219 4300.945953 357829.930333 165408.251939 1785.6034 7608.514797 1418418.935482 218304.163771 274960.862344 21210.296425 563434.317879 173707.617855 17655.390522 1775170.696482 2893.304881 10317.859204 143251.791246 814344.030325 284150.534933 201873.922031 6556.84238 1117.234559 6941.44089 14293.43383 12787.074057 7389.567992 1045.436116 43804.381873 10756.819837 160434.479649 3788547.568548 6178481.096967 13684661.303643 7385231.515836 320278.550383 1640185.217041 25211.999322 58840.83313 340833.189847 4641342.30947 0.000301 0.104165 0.000301 6484862.116133 400487.978228 4587167.225372 1171255.666216 3004614.190461 3751109.742517 2273453.26404 24541.007137 62117.776069 74798555.273987 77559.003353 3010941.776869 0 1843255137.94063 0.38779 12.90503 61.545455 2.308594 317.297066 1.367602
10001 828132.441563 1609722.26622 59249.057793 95901.245838 10817.439999 167524.983373 48643.42652 34582.673744 10738.571202 76367.79408 39594.670661 2993.534488 44250.266538 474795.782219 311447.927002 1966.742344 68891.383654 203989.621009 361347.815235 220440.883898 4604701.199327 95427.262994 194136.576595 1135089.173659 10126.309004 119536.093184 156353.99861 42754.103604 335577.021533 7055.818906 112202.797991 14262.985354 4428.004977 366380.243782 167034.150737 1765.369579 8143.642242 1519167.414202 231668.292045 287709.953321 21608.570598 568838.907645 177692.43334 18181.60616 1821648.325832 2893.304881 10317.859204 143251.791246 788701.868482 290382.756774 205690.319985 6451.705985 1117.240183 7703.518564 15720.955399 12858.39942 7431.594936 1106.450398 37610.486374 9249.071808 158186.822677 3786787.171019 6177956.400073 13679769.584147 7364217.92527 319242.700894 1640730.363778 19336.875865 44866.427557 357626.230095 4644248.725146 0.000301 0.10511 0.000301 6487202.224699 398465.183881 4788151.224116 1160831.201428 3759121.723161 3687985.137751 2430156.196444 34557.778904 58457.029438 74873896.370866 110886.270079 2441599.825688 0 1844675583.11695 0.423622 4.696436 67.454545 2.312128 357.388989 1.367172
10074 840659.31646 1747037.093842 52838.480765 83982.71531 8460.231323 177577.510647 50730.24117 35354.802909 9424.544973 68322.375041 38560.565249 2625.494533 37733.682294 436706.999357 271496.295709 1378.813061 76921.477294 235935.209366 406774.340289 244140.879809 4731508.086841 103652.783694 195232.615212 970804.437264 8026.98656 125570.143847 126024.313528 37251.133666 269920.086433 6220.501583 113910.712988 14266.91882 4570.873908 306827.441867 156192.563579 1300.184717 8737.172982 1657808.642723 246864.789437 301394.1737 22803.024215 500245.73234 152632.328505 15067.209657 1525665.389541 2946.887793 10390.297859 160558.035377 703316.738899 249386.706265 181051.464348 6445.608532 1081.528198 7570.877947 15518.329851 12857.944181 7431.115733 1176.453016 30973.626865 7631.674597 157476.455414 3784265.481197 6171932.645283 13674314.566331 7360024.833046 319549.834951 1648157.216774 15260.18937 36883.329092 369390.574916 4649560.897371 0.000301 0.10703 0.000301 6489956.064315 395666.373711 3086370.331384 1008107.903051 4256325.975267 3675615.058314 3289916.485584 50944.174464 55109.811941 75028637.695234 150100.852198 2977029.393845 0 1853689154.58198 0.461879 4.981437 69.772727 2.31818 385.752507 1.366683
10147 895617.1786 1514202.215412 53455.751114 95790.977883 7877.340965 157984.691764 51923.034284 34356.556787 9336.868043 66710.068554 40287.750242 2694.181403 35452.0607 417045.599418 248710.424706 1546.49638 86400.739217 267437.215859 450066.229098 209497.829042 4410639.462981 113665.149256 197869.412218 1047220.183349 8720.558093 132703.199268 132677.304888 40618.597983 293128.113618 6499.890083 115425.271122 14300.198354 3898.166712 338495.306664 163780.310081 1377.702877 9430.809029 1822966.028892 264906.197579 317571.009362 23935.336747 519887.028283 162975.766597 16390.358272 1636894.598002 2912.733384 10009.919312 143613.969151 734424.382415 261272.752133 186082.519093 6639.989063 1079.943907 7384.015126 15246.62932 12740.460762 7364.012443 1258.602186 25384.978615 6219.498503 157582.376241 3782387.951136 6166051.729075 13669097.560341 7388500.753442 320886.216643 1659755.314977 12332.479234 32853.281839 385617.855142 4654857.360175 0.000301 0.107551 0.000301 6493099.246638 391996.1927 4726755.390383 1048393.039719 5253596.32925 3699461.37609 3843165.311539 58513.833859 63528.373534 75199299.308834 165680.405771 4044616.940001 0 1871152870.87316 0.383971 10.626729 65.727273 2.323637 363.665034 1.366408
10220 930726.12063 1430013.665275 56524.870977 95561.207902 7088.488998 160190.014564 52470.366065 35507.667166 9971.061774 70461.662876 42042.695291 2820.019517 35452.0607 417045.599418 248710.424706 1706.049647 92033.743152 290151.375611 477384.306493 171894.066493 4503260.291624 121156.422713 200810.333389 1107515.934619 9296.314043 140017.652155 138946.528054 42110.97011 304713.3063 6746.880199 121172.776839 14262.018543 4173.460057 354747.729201 166690.122093 1381.372645 10130.227543 1956860.47336 280010.391807 334366.416819 24583.568942 535111.939486 169143.693563 17201.496824 1705882.567371 2912.733384 10009.919312 143613.969151 760983.172022 273072.439418 195696.210457 6639.989063 1079.948956 7363.879553 15218.074348 12740.272772 7364.009474 1327.75155 51528.34272 12741.09323 156627.326539 3782037.061955 6170987.037521 13667220.844097 7407317.799368 321012.579567 1665659.716658 36531.420832 95755.881426 405339.012379 4657896.805773 0.000301 0.10569 0.000301 6496004.763524 388959.180097 4610072.987447 1100340.818802 3773084.764013 3708487.746031 2990458.564549 35914.302083 65680.918212 75300705.859948 107397.886024 3995944.650976 0 1882768031.09627 0.376955 13.64807 60.136364 2.329195 352.470801 1.367229
10293 936967.866992 1523986.422859 56997.652332 93845.005193 6928.734136 162992.145337 44636.621097 36321.631582 10417.891132 73477.282853 43030.208654 2907.215888 38430.838565 460764.564431 259182.948885 1832.46834 94153.672652 306286.861709 488183.507498 192464.395779 4619002.50714 88819.696416 162575.62574 1147924.480917 9720.014781 115421.513323 142739.362352 42788.429285 310541.260891 6776.963919 126521.558696 14789.8828 4367.87004 358761.520145 168382.673502 1354.512733 7155.83016 1414107.830996 215230.51951 275353.669325 19297.489548 542974.796423 172707.075636 17699.814988 1749190.847397 2912.733384 10009.919312 143613.969151 779058.459633 280013.51148 199826.979417 6639.989063 1079.954671 7363.879553 15218.074348 12740.272772 7364.009474 1042.731387 42715.291334 10465.470349 155041.028024 3779770.197265 6171355.935594 13662838.144985 7387258.375414 320834.877861 1670491.388919 25869.787184 58020.552412 424411.203802 4660529.213426 0.000301 0.104793 0.000301 6498540.840766 386580.704942 4591224.539542 1166562.996227 3004667.3241 3632503.705122 2279471.039478 24524.64183 62129.827857 75364515.843167 77527.305194 3011810.242525 0 1885094392.32644 0.405484 13.206358 61.545455 2.334845 344.595184 1.367055
10366 954593.798675 1613513.881812 57169.444418 93879.915784 6728.152536 166288.280282 45755.927264 35430.845135 10853.380497 76215.428823 36742.040422 2985.870688 42937.995521 476850.557166 294637.370595 1950.275494 66786.107616 202241.022906 364822.240468 210422.584812 4720244.999933 94642.347237 164671.268456 1189567.746355 10093.186997 121309.49417 146024.798343 43619.05474 317708.098064 6755.478545 104838.304869 10515.035417 4496.535703 367299.68183 169973.421995 1322.909803 7600.501466 1514705.946387 228185.032503 288160.055702 19946.268493 546037.850329 176551.14559 18221.424763 1794809.073622 2912.733384 10009.919312 143613.969151 752971.080188 285809.514076 204014.56943 6528.563087 1079.960279 8168.256965 16733.726922 12807.582052 7403.694738 1103.536453 36330.507328 8905.927479 153425.590224 3778122.981601 6171264.65515 13658350.451606 7366031.884018 320395.838856 1675201.480468 20007.784564 44573.136511 441637.451502 4663182.282318 0.000301 0.105609 0.000301 6500829.641239 384611.487858 4793691.729578 1156083.13363 3759181.322654 3561803.028556 2437502.636559 34532.743007 58464.176542 75439884.289789 110845.836689 2441617.536511 0 1886444266.26347 0.441917 4.832095 67.454545 2.337422 387.367055 1.366837
10439 966297.456785 1746222.347368 50156.166812 83552.726272 5872.238896 175735.466657 48184.666062 36135.213633 9523.06433 68188.231924 35418.315798 2618.875212 36436.087601 439185.699259 257202.366973 1374.958698 73951.853122 233961.77131 410757.825209 232025.981149 4849596.793491 102891.399672 167456.905225 1013650.183234 7985.129747 127533.788005 117083.41036 38042.496654 256646.291642 5834.847504 106761.410447 11058.237398 4639.483968 307698.988261 158421.5954 953.166823 8094.355071 1653048.742017 242932.453366 301906.770645 21401.751829 478566.532691 151537.848683 15088.772673 1501462.045917 2966.77751 10076.573276 160959.236956 671309.215354 244869.718648 180011.011665 6523.881933 1049.148277 8031.99888 16526.743964 12807.147034 7403.190327 1173.293979 29696.991539 7282.663649 153378.287617 3775549.625586 6164784.212207 13653361.651575 7361548.159385 321279.117556 1687145.70817 15863.292932 37020.770902 451242.698786 4668042.499982 0.000301 0.107416 0.000301 6503492.225313 381887.466032 3092771.825604 1003265.88873 4256391.282308 3538068.229901 3299380.360322 50942.342886 55110.485096 75594495.197888 150072.874444 2976939.399315 0 1895394039.84939 0.482099 5.125639 69.772727 2.343384 414.719481 1.366462
10512 990262.901763 1508810.976244 50193.62619 96675.458414 6012.215224 155940.508937 49774.253863 34946.945812 9423.930773 66526.02703 36550.306088 2687.707983 34178.268936 419662.860458 235834.222998 1542.448666 82459.5177 265220.846217 454642.801704 198294.810695 4520682.691026 112924.843625 171595.844593 1091779.610044 8658.143546 134876.898918 122353.489732 41531.906178 279546.901612 5986.623345 108537.60339 11678.105613 3957.323754 339495.67394 166204.753672 992.148493 8675.138119 1817831.660067 260465.319597 318152.063217 22814.902901 495275.024252 161705.15187 16408.285039 1610515.09521 2931.3577 9685.218873 143949.788961 700953.074457 256285.634923 185454.802237 6707.20324 1047.525369 7840.146972 16249.305177 12682.310811 7331.849468 1255.156217 24270.966933 5907.202965 154173.416633 3773602.669704 6158244.24021 13648685.989852 7389703.836368 323168.471245 1703497.36579 12844.080566 33204.666959 464757.26856 4672777.487661 0.000301 0.107979 0.000301 6506509.677094 378411.841462 4732460.827211 1043428.901907 5253672.054351 3558703.911162 3851675.918362 58526.790724 63545.70896 75764566.233903 165664.514782 4044450.715806 0 1912802651.96588 0.400613 10.901531 65.727273 2.349024 392.333245 1.366282
10585 1033159.91275 1427488.668388 52150.590107 97890.330673 6039.443914 158052.015578 50784.33963 36022.325547 10062.930887 70251.591836 37673.443661 2813.423697 34178.268936 419662.860458 235834.222998 1701.983505 87200.065985 287765.100172 482270.916013 166143.427883 4612866.268387 120453.311753 176027.221456 1153530.846243 9213.009907 142408.01156 127221.978177 43109.987917 291312.239022 6099.754145 114075.121975 12289.941096 4235.181642 355775.89945 169093.646485 974.855494 9256.037838 1951503.62475 275089.191394 335014.613629 23714.018141 507670.527954 167713.512696 17214.17103 1678129.747899 2931.3577 9685.218873 143949.788961 726194.628113 267598.931023 195448.570801 6707.20324 1047.530413 7819.377647 16220.012584 12682.132165 7331.846536 1324.058604 51223.64058 12652.170557 153893.160335 3773386.29316 6163259.48865 13647316.774067 7408131.878207 324006.833431 1713872.309434 36921.440441 95798.121237 485588.686487 4675474.94112 0.000301 0.106174 0.000301 6509402.594238 375536.136011 4616328.044922 1095328.80215 3773140.343882 3565286.833776 2998788.043026 35914.502923 65693.835991 75865517.621018 107367.236885 3995967.49648 0 1924488695.67751 0.392625 13.892583 60.136364 2.354208 381.100678 1.367306
10658 1040238.919877 1524139.789572 52449.807238 97239.171372 5926.134696 161373.223039 43319.591884 36772.784487 10514.555953 73256.443714 38694.231584 2900.797314 37289.067044 462971.206184 244273.17874 1828.771599 88699.861323 303790.217693 493221.982158 184910.934455 4738848.894737 88658.180024 142917.977022 1194790.957399 9639.84602 117727.71601 129088.622989 43678.73183 297657.746104 6059.244909 119074.903929 12857.015732 4432.596736 359349.438359 170774.637666 957.435024 6492.92962 1411732.604668 211904.970805 276421.133755 19256.224406 515484.929725 171288.065031 17718.988109 1720716.393848 2931.3577 9685.218873 143949.788961 744895.012703 273961.814714 200004.426095 6707.20324 1047.536118 7819.377647 16220.012584 12682.132165 7331.846536 1039.56144 42228.894308 10325.731627 153735.167815 3771407.724679 6163908.623205 13643417.240878 7387842.562006 323738.713783 1713268.029501 26546.97603 58057.474607 505472.542522 4677908.88656 0.000301 0.105181 0.000301 6511948.576583 373260.02408 4563056.334056 1137658.715561 2982765.132439 3487664.100597 2289990.81324 24478.212199 62132.055739 75929511.634551 77430.447818 3016272.793594 0 1926791179.85916 0.422634 13.472559 61.590909 2.359874 373.202048 1.367515
10731 1058374.107424 1615773.512751 52456.326835 98353.013907 5771.174693 165155.817646 44546.0478 35751.254191 10951.703319 75972.315246 33192.628608 2979.116662 41836.940466 479030.968623 276569.572033 1946.421698 62946.578387 201225.114897 368365.95181 200888.591977 4849486.309267 94402.095635 145002.061516 1237014.360592 10014.042728 124102.820825 130410.524012 44388.608061 305229.264179 5966.634995 97927.351879 9215.276396 4562.61329 367401.51344 172343.231562 936.230914 6887.183767 1511873.964832 224641.581497 289826.245425 20736.245256 519074.770619 175100.069076 18241.619224 1765080.947401 2931.3577 9685.218873 143949.788961 720355.191875 279118.656296 204595.967165 6590.338417 1047.541731 8669.362762 17830.89553 12745.706671 7369.351718 1100.001794 35819.743871 8758.432984 153539.275431 3769968.122045 6163856.814295 13639354.236182 7366189.354579 323188.022232 1712410.747252 20729.012059 44701.942121 522911.322366 4680299.015239 0.000301 0.105915 0.000301 6514249.830357 371391.371616 4885988.735982 1106623.461909 3761997.567921 3412242.528186 2440506.13408 34383.44777 58467.172206 76004331.21539 110346.685775 2437064.264387 0 1928015991.41035 0.46003 4.916311 67.409091 2.362289 418.824966 1.367634
10804 1064237.241746 1749661.622748 45990.596998 88075.929621 5122.310402 175109.07832 47055.08573 36382.373436 9605.496298 67975.879115 32194.604882 2612.6211 35334.791083 441710.487858 241755.832152 1381.088535 69225.460174 232625.641652 414579.57028 220175.123038 4988988.897753 102544.685956 147751.635648 1049012.722635 7929.139437 130832.415238 103524.714238 38565.792192 247441.653848 5096.037917 100022.201051 9807.478043 4706.365715 307502.104235 160126.231649 671.826914 7323.98977 1649257.271427 239106.501273 304173.164324 23145.440323 455254.317734 150286.460939 15097.766893 1474340.197049 2985.890111 9792.03405 161293.872063 643240.37043 238373.509002 180861.147225 6586.767345 1021.652229 8530.036573 17620.349701 12745.293467 7368.8352 1169.191728 29228.53347 7144.733116 154987.444145 3767660.638347 6157344.577894 13634857.071645 7361013.413468 323970.041646 1719005.639384 16542.771271 37233.178391 529777.999419 4684709.05649 0.000301 0.10785 0.000301 6516911.599175 368820.070302 3162046.027156 995194.161789 4286327.677778 3383132.513901 3300782.443221 50814.529234 55064.178778 76158051.789874 149724.481674 2959235.894374 0 1936758471.3882 0.502498 5.233124 69.727273 2.368218 445.364297 1.367625
10877 1014077.002969 1514012.162401 46216.286208 102672.886852 5272.31067 156058.111541 48746.821916 34998.522442 9492.507345 66233.353042 33373.602709 2681.693992 33086.032624 422304.522639 221777.888947 1548.839218 76796.393116 263792.86354 459061.068886 187095.01426 4658824.221742 112525.103562 151733.958172 1127507.211544 8602.654272 138746.070731 106609.405613 41993.011373 270490.828198 5150.449965 101791.958236 10484.136344 4019.453866 339158.405201 168098.512321 703.786398 7838.129879 1813847.175179 256394.156847 321059.396692 25642.532619 471630.299362 160456.884441 16428.725587 1581477.778318 2949.253597 9429.148498 144298.158071 673214.215021 249146.859518 186680.438318 6760.770425 1019.99871 8332.349292 17336.002755 12612.972843 7293.181962 1250.800235 23861.328816 5784.722519 157388.398055 3765984.218694 6150509.405658 13630709.179872 7388783.817001 325795.786238 1730283.255676 13443.158853 33504.79228 539363.872857 4688951.667977 0.000301 0.108522 0.000301 6519946.72539 365607.020112 4668100.143678 1027382.316902 5204790.059733 3406407.604157 3856552.353628 58427.750046 63417.932659 76328691.877142 164986.301606 4035848.247834 0 1954105554.13049 0.416177 11.173277 65.5 2.373882 422.598287 1.367832
10950 1056708.732757 1434726.397384 47901.528774 105251.955871 5320.50121 159185.958664 49887.695155 35990.320714 10136.78429 69935.898578 34558.35554 2807.602693 33086.032624 422304.522639 221777.888947 1709.123238 80756.918443 286295.905715 487059.367581 157263.96826 4751175.672415 120018.215711 156064.885864 1189778.467716 9159.669373 146898.511691 109276.10272 43476.529061 282762.590603 5165.433957 106856.073257 11165.674318 4301.069795 355190.576072 170990.612421 694.742069 8353.193153 1947688.293438 270830.891355 338643.147956 27686.792401 483891.942245 166497.148924 17246.077281 1648129.016746 2949.253597 9429.148498 144298.158071 699052.169154 259832.201627 197160.991208 6760.770425 1020.003739 8310.816031 17305.793939 12612.801654 7293.17905 1319.604416 50941.06943 12571.056578 158685.346301 3766121.056047 6155748.471322 13629823.210398 7407689.522782 326552.962844 1735286.608825 37265.912254 95205.080633 558295.539158 4691338.633152 0.000301 0.106722 0.000301 6522912.091941 362950.296082 4526300.868798 1115943.419091 3775527.635158 3417394.028367 3022453.919833 36179.764947 65739.208327 76430061.739377 107918.886041 4007190.496055 0 1965883312.47756 0.407499 14.147289 60.181818 2.379025 411.271456 1.36929
11023 1063075.015881 1535977.58548 48878.48417 105199.24024 5394.745367 162265.204909 42907.490737 36740.372708 10607.546837 72979.840138 35568.918954 2896.491854 36365.112752 465332.589548 229217.899906 1843.680469 82439.837252 302253.32816 497839.868499 175209.454918 4886703.548743 88385.122261 128490.758728 1232329.707147 9604.874741 121706.919388 112940.556616 44270.504572 289038.804377 5311.591021 111482.30175 11753.446749 4499.951067 358402.993052 172678.666475 687.560904 5865.696981 1409763.367331 208835.661603 279378.275121 22550.130343 492342.361312 169948.566237 17744.336349 1689040.641406 2949.253597 9429.148498 144298.158071 716790.628074 267424.801917 200982.560929 6760.770425 1020.009496 8310.816031 17305.793939 12612.801654 7293.17905 1036.095354 42004.896729 10255.663716 158501.406826 3764210.880921 6155962.906454 13625785.493006 7386986.605487 326221.878677 1738350.640266 27174.014218 57848.061658 580087.242929 4693540.030434 0.000301 0.105685 0.000301 6525686.1391 360860.913046 4562910.64638 1131711.646854 2982861.20746 3329787.231071 2265556.091935 24533.956544 62098.163025 76491420.137285 77174.381708 3012850.236792 0 1968094941.85111 0.438855 13.729639 61.5 2.384306 402.888826 1.369454
11096 1080444.076441 1637255.97841 49697.627796 107464.059151 5457.929792 166186.834148 44680.641286 35721.170355 11074.668616 75887.472893 30698.427504 2979.901729 40710.996812 479972.020444 258027.164937 1967.639267 59357.645178 201792.767432 372421.75303 191455.800183 5013382.92799 94387.216027 132839.432912 1277578.699716 10002.196436 129101.584322 116327.33851 45317.991369 297072.525703 5420.488799 91043.900148 8580.242432 4639.628166 367044.592135 174323.103167 680.993237 6274.320378 1516635.134361 222020.401615 293673.901325 24403.191066 497607.261781 173976.870158 18315.206999 1736192.469747 2949.253597 9429.148498 144298.158071 693108.207846 274201.129174 205132.004183 6639.287839 1020.015018 9205.775085 19013.021038 12672.899795 7328.657682 1100.023572 35264.448023 8604.380712 158406.753401 3763052.431532 6156026.404082 13621687.381217 7364542.621187 325724.011343 1741870.59747 21145.015667 44157.318118 599350.096543 4695761.940765 0.000301 0.106539 0.000301 6528320.678008 359074.285126 4866652.743651 1098518.845164 3762097.929951 3234983.072412 2397405.961433 34469.94847 58180.45105 76569722.339976 110199.645515 2471489.098116 0 1969620947.73398 0.475542 4.956047 67.454545 2.386391 450.920507 1.369626
11169 1086659.201418 1785383.165606 44441.942153 96571.694301 5010.206532 176199.577764 47795.486134 36410.746275 9715.732095 68046.943974 30019.29071 2613.847833 34313.357402 441289.268003 223684.539981 1406.985913 65800.077133 233647.065351 421006.47502 210592.639699 5170567.263307 102578.634882 137986.99731 1083338.235565 7927.85453 136899.984297 94417.285098 39629.313995 240971.695909 4860.045559 93705.730282 9246.139537 4791.758014 307868.152315 161597.032426 497.882662 6725.418447 1660256.111336 236821.433358 309176.819842 27297.741334 437049.593256 149286.651169 15178.25554 1449395.543899 3003.918193 9541.629807 162085.289902 618942.835671 235049.912742 180651.902167 6636.370888 998.951246 9050.444053 18779.844728 12672.482888 7328.101068 1172.274215 28459.514512 6932.289391 159913.43352 3761036.684515 6148873.138438 13617353.745163 7361568.229831 326384.740344 1753418.330596 16788.613526 36856.860228 605713.792138 4699838.985167 0.000301 0.108216 0.000301 6531245.509555 356550.464453 3135008.123765 985184.439868 4286468.315984 3201941.478891 3369571.91276 52804.716361 55209.228082 76728241.021855 153001.556802 3048655.306468 0 1979123910.15189 0.519341 5.29899 69.772727 2.392796 476.171227 1.369526
11242 975434.378779 1550231.473597 45074.698581 111910.117731 5356.8789 155945.943412 50066.430134 34984.085979 9585.617614 66428.680604 31337.348599 2681.926755 32036.258824 420144.126143 204716.511141 1589.122311 72901.825164 263058.589688 465336.532365 179330.023152 4824896.125505 112159.38945 144297.703682 1164990.21059 8617.431603 145750.630792 99506.266562 43005.290132 261688.933255 5137.330925 95625.970986 9993.256335 4090.835853 336780.051619 169890.214579 526.462126 7254.097861 1823491.516508 253734.096883 327001.609798 30284.95313 453595.362717 158421.399852 16395.216286 1544621.800408 2965.934533 9179.963848 144635.707633 648590.244156 246717.2753 185606.616617 6802.692001 997.270801 8841.003977 18479.442358 12532.594078 7248.086313 1253.546728 23204.56086 5595.356216 162047.894552 3759032.599583 6140669.720207 13612975.989643 7387741.612848 327959.606204 1768205.566129 13591.444624 33416.983679 614045.688549 4703422.016123 0.000301 0.108976 0.000301 6534419.448001 353649.543396 4633406.047026 1017843.458918 5204925.840291 3217592.792177 3725752.301323 57661.085258 62967.749377 76889200.405145 162109.746026 4005153.068443 0 1995881495.35309 0.429443 11.365309 65.5 2.399596 451.776844 1.369435
11315 1014841.222957 1470743.940018 47643.672217 116156.805302 5662.960855 159518.564228 51910.62172 36035.201122 10266.346458 70282.951328 32638.489349 2814.487021 32036.258824 420144.126143 204716.511141 1756.379528 77243.280792 286813.818701 494126.185112 148909.095331 4920798.680465 120049.895362 150898.338374 1231100.967029 9194.766541 154807.967048 104337.616373 44883.34162 274634.131933 5392.264117 100616.973746 10771.367653 4390.265169 353390.489305 172863.495944 531.840016 7785.58492 1963849.280904 268578.438217 345160.748163 32841.117499 467101.864587 164777.616127 17251.010948 1612245.029121 2965.934533 9179.963848 144635.707633 673819.144482 259137.684181 195502.431663 6802.692001 997.275573 8817.873033 18446.968073 12532.425672 7248.083341 1325.530166 50002.180877 12328.476176 163643.562971 3759559.67935 6145985.187165 13612180.09339 7406872.173917 328696.738049 1777804.719028 36820.045188 91581.894061 625518.140974 4705252.761667 0.000301 0.107294 0.000301 6537484.16691 351170.105663 4496752.752465 1106160.280279 3775613.605612 3221965.3209 2960895.26211 36244.46715 65365.864074 76994257.721583 108103.091591 4005368.785836 0 2007767349.05933 0.419521 14.332242 60.272727 2.405293 439.916065 1.371053
11388 1022541.200048 1572569.14237 48696.642003 117786.34396 5649.818634 163587.352209 44589.134424 36905.179398 10768.942088 73385.0556 33683.27255 2907.649978 35247.692902 462082.171936 211687.807738 1896.227195 79969.54216 303947.696315 505911.294913 165048.418384 5052636.601354 88540.719531 125542.304082 1278110.618899 9664.861361 128001.649626 108988.144298 45643.958456 281765.722825 5592.713616 104826.557902 11440.518391 4595.581639 356746.42396 174534.524629 532.523661 5522.578636 1421936.837095 207454.029593 284713.717263 27478.515374 474967.890402 168420.278135 17788.234798 1655304.018085 2965.934533 9179.963848 144635.707633 692961.006104 266381.741016 200528.278182 6802.692001 997.281174 8817.873033 18446.968073 12532.425672 7248.083341 1038.972865 40414.649189 9836.824759 163633.643836 3757998.088254 6147222.48278 13608629.270606 7385219.401675 329371.589088 1782325.431031 26799.71209 54736.700905 639791.173631 4707169.062358 0.000301 0.106313 0.000301 6540294.512412 349101.111076 4545626.428855 1121226.912568 2982943.369558 3134261.398648 2255584.645353 24619.405603 61591.792336 77061301.888313 78438.249415 3061634.999911 0 2010410050.84816 0.451023 13.862144 61.545455 2.410923 431.203852 1.371407
11461 1039465.400601 1666951.120691 49497.323002 121573.894186 5602.037174 168237.56197 46512.89225 35836.862924 11252.052449 76251.55633 29026.624806 2991.936687 39519.697463 476399.656452 237420.647275 2024.942117 58544.11429 202545.320594 377841.270322 178543.215786 5167613.416929 94566.793994 130758.606328 1325966.084312 10075.712071 135658.92594 113206.682997 46615.373966 290343.165325 5743.523498 84739.117444 8511.691004 4731.915856 365181.204893 176082.269006 531.901396 5938.058135 1529130.248382 220831.365049 299836.416605 30405.107784 479180.67238 172432.388755 18358.255006 1701336.641252 2965.934533 9179.963848 144635.707633 671018.962937 272311.312706 205710.168926 6677.439776 997.286696 9766.645742 20265.367757 12589.307217 7281.681217 1103.041039 33806.036355 8212.905769 163634.509367 3756949.127521 6147730.918809 13604713.171654 7362100.896574 329785.87975 1786578.749321 21166.73849 42780.483438 651686.068879 4708874.012672 0.000301 0.107276 0.000301 6542891.330838 347434.80024 4873341.790038 1088774.762218 3762208.122618 3044234.761921 2394052.352018 34046.243408 57718.516299 77139205.513763 109022.675803 2495421.206917 0 2011916435.09872 0.4849 4.921483 67.454545 2.412603 482.291713 1.37166
11534 1045883.102542 1800580.88405 44043.79635 109700.209196 4961.311423 179208.758853 49787.557652 36581.752651 9852.915293 68087.469304 28447.905237 2622.114964 33289.034345 439360.594305 207971.49506 1439.787647 65926.347773 235006.788083 425469.966582 194032.841706 5311273.699438 102761.785759 136457.524731 1116793.585362 7962.415826 143520.563459 92325.863248 40655.786332 236853.951285 5202.971367 87645.877256 9215.409718 4879.378037 306812.83564 162647.701454 405.102687 6386.359894 1670774.107029 235522.21808 315670.575044 34414.164827 418618.168858 148364.127317 15225.654191 1420252.175249 3020.98303 9294.698102 162719.435648 596363.011093 232211.129035 181836.360469 6675.223507 980.856198 9613.38362 20035.234285 12588.91993 7281.106994 1174.204898 27391.852719 6637.395446 165611.312251 3754851.377154 6140931.918218 13600359.804033 7356597.813456 331412.402915 1798517.666316 17157.618329 36582.661235 645635.551995 4711924.27929 0.000301 0.109153 0.000301 6545708.550877 345248.041801 3155889.767968 976771.219673 4286606.552905 3015847.635236 3302336.93025 51785.625308 54753.71505 77293027.21218 151447.08879 2998433.610045 0 2020728360.08008 0.529053 5.238838 69.727273 2.418417 509.19769 1.371802
11607 908980.923077 1553825.176542 44445.517856 128989.686292 5205.075372 160465.746644 52344.764386 35097.991662 9742.249946 66345.155179 29689.761372 2697.691446 31094.307393 419873.358458 190560.863349 1615.484767 74914.554479 268034.101878 472450.145231 163644.106173 4954390.786134 113064.391196 143488.103836 1201704.215397 8662.923929 152710.50763 98220.739553 44608.410356 261258.994161 5526.32365 89331.481856 10030.844067 4169.388396 339882.718741 171102.289099 445.944487 6915.194279 1842837.29847 253319.889049 334057.565647 38825.571244 434698.226303 159065.097553 16645.050061 1528773.828278 2982.007401 8938.69564 145567.0704 625883.319402 243702.613962 188235.576782 6835.382199 979.150541 9400.333975 19729.689044 12441.395531 7196.692341 1259.013527 22298.575791 5345.073162 168887.405384 3753619.892692 6133807.664104 13596753.648721 7387505.752832 334258.749286 1816243.808026 14062.306236 33486.05575 634972.488733 4714566.218272 0.000301 0.109996 0.000301 6548813.34231 342439.184646 4667746.056723 1007616.858662 5205097.748534 3051112.641818 3871159.997979 60142.229638 64406.693491 77466810.788491 170714.953191 4119812.489097 0 2038703307.0607 0.435203 11.216198 65.5 2.423902 484.979591 1.372295
11680 948833.573554 1465596.51144 46929.232636 135004.553265 5359.671044 165332.87705 54339.044565 36192.036954 10434.704786 70116.730999 30889.919699 2829.476719 31094.307393 419873.358458 190560.863349 1782.491692 80478.690336 292214.309428 502935.697724 129977.982316 5012091.847288 120866.593115 150947.494699 1269765.734173 9245.642739 162126.455783 103776.271976 46479.577532 274995.575355 5837.693668 93469.671739 10873.39636 4466.063943 357284.390701 174033.967726 460.432477 7434.377434 1984884.341981 268352.079561 352913.80479 42765.025983 446837.296589 165535.407642 17548.411079 1598976.152268 2982.007401 8938.69564 145567.0704 651498.64024 255074.714975 199306.981766 6835.382199 979.155366 9374.697694 19693.834146 12441.219861 7196.689134 1331.16619 50343.875368 12391.637055 170835.368941 3754954.326755 6140920.108356 13597071.843207 7413652.09954 336118.654869 1827540.335422 37581.224321 94063.132423 643641.819997 4715887.031404 0.000301 0.108037 0.000301 6551907.905519 339988.998943 4538907.349202 1095192.663617 3775721.606391 3092987.870219 3039278.070234 36068.312433 68274.761559 77572152.354285 106133.502424 4179052.929756 0 2051923679.98261 0.423055 14.076928 60.181818 2.427991 472.978328 1.374272
11753 952583.935347 1553990.206547 48315.785213 136309.282686 5299.263128 168205.435425 46038.805964 37002.621458 10878.712991 73076.275727 31783.953007 2913.46914 34428.52096 461282.532374 198510.57103 1909.085913 82541.875028 307246.353916 512872.961992 141422.656051 5139114.400455 88498.413397 125077.26058 1313099.164881 9660.693877 133428.70661 107876.116301 46790.062321 280840.261068 5924.234166 97102.78776 11459.497861 4667.33689 359732.034935 175390.552037 449.964877 5328.595377 1426783.096867 206539.86127 290057.001798 35212.803894 452804.067786 168699.910524 18008.455079 1635102.886679 2982.007401 8938.69564 145567.0704 667384.34175 260875.324962 203705.660775 6835.382199 979.161138 9374.697694 19693.834146 12441.219861 7196.689134 1038.046817 41544.203666 10112.022655 170718.201814 3753318.177957 6141460.548779 13593626.132653 7391802.328515 335770.772621 1831402.462381 28306.113605 58064.848244 658875.126348 4717381.199492 0.000301 0.106887 0.000301 6554579.981545 338305.122339 4594801.594461 1112558.28909 2983039.589281 3029405.218479 2298198.764716 24605.067622 64673.904188 77627632.06935 77577.930628 3070001.038517 0 2053651078.84277 0.45643 13.630286 61.5 2.43299 465.091776 1.374488
11826 965413.840805 1639423.388196 49536.760399 140468.512421 5221.414602 171943.221135 47612.415581 35858.210269 11310.276274 75874.00442 27421.505753 2991.439011 39407.275641 478766.94403 223658.185487 2021.119024 59815.405166 203328.745629 381829.844355 151145.006986 5256893.527288 93865.663412 129667.359971 1358358.524598 10019.980321 141268.246894 111694.312356 47344.662528 288341.64588 5963.492204 77964.794139 8678.181945 4808.808901 367185.044174 176673.200816 439.802716 5710.749049 1529636.085316 219628.111332 304439.962942 38080.378025 456294.131591 172420.099132 18539.301032 1677031.407481 2982.007401 8938.69564 145567.0704 644454.010548 265794.84301 208335.583023 6707.0563 979.166717 10378.08788 21628.104554 12495.12379 7228.54412 1099.92762 34930.059802 8489.915167 170724.419073 3752415.783982 6142004.195412 13590395.901566 7368537.318248 335185.774795 1835707.494803 22613.348305 44820.373629 672096.956269 4718774.114089 0.000301 0.107777 0.000301 6557105.523965 336850.617132 4916144.613245 1081270.398516 3762320.305829 2955758.014861 2420693.794232 34127.801779 60802.751371 77699811.848123 108691.779088 2455707.363584 0 2054637351.26796 0.49054 4.765966 67.409091 2.434351 520.621431 1.374742
11899 974025.769202 1762660.093909 44427.135376 125056.950474 4563.059854 181685.026924 50511.470155 36595.298818 9861.86739 67804.621206 26945.232587 2616.803486 33405.707502 445920.170192 197326.94261 1414.979652 66411.522062 233721.309301 427870.521899 162488.715365 5401610.654524 101209.612825 134816.988432 1137136.571875 7890.443576 149367.848739 91121.520155 40641.306277 232837.958914 5311.116673 81161.054324 9362.498328 4958.948357 306052.370045 162772.898587 343.251373 6125.482028 1664430.79799 233782.551115 319593.779164 42059.314074 397785.828647 147142.933722 15232.260574 1385841.554567 3037.769544 9051.090248 162872.188493 571592.016979 225818.218936 183433.223143 6705.343348 967.104174 10226.055007 21400.467824 12494.76608 7227.986723 1167.684814 28342.793718 6875.750275 172698.701633 3750610.138191 6135777.843594 13586673.790274 7359944.322342 335714.104317 1847701.585828 18409.926181 37749.793575 665595.454381 4721277.603382 0.000301 0.10938 0.000301 6559791.064154 334891.556128 3193563.576804 970909.929152 4286751.881231 2932514.793511 3260705.304196 49180.723744 56652.128446 77843876.743296 144837.178433 2899090.877581 0 2062642578.32421 0.538451 5.085622 69.772727 2.440108 548.911303 1.374925
11972 844638.186263 1512854.297514 45254.335751 144346.342839 4719.805135 161529.83192 52454.249362 34933.234635 9644.837847 65728.742262 28034.11522 2679.137708 31374.054984 429735.968585 182312.209696 1563.409139 74246.0624 263808.367345 471245.295447 135292.159537 5040891.59956 110186.7016 140704.626035 1216054.825248 8498.701566 158375.310195 96337.689942 43944.936344 254546.286823 5476.659076 82658.128246 10115.911832 4235.750124 336956.463787 170826.80824 367.858979 6595.726017 1823810.81495 250368.262383 336368.661692 46229.29297 411159.129673 156990.70852 16557.158404 1484389.917201 2998.041162 8697.321141 145358.913964 596191.468401 235606.78158 188729.736229 6860.617657 965.375076 10017.598145 21102.132696 12339.667983 7139.213393 1246.27078 23164.055032 5567.661597 176026.798783 3749491.765765 6129265.84237 13583316.547335 7381298.86241 337151.277067 1864415.695099 15177.960468 34429.477528 654643.912378 4723320.37196 0.000301 0.109922 0.000301 6562623.335151 332472.469912 4703037.046859 1005375.769195 5205228.742206 2964952.617363 3844350.822 56801.879734 61742.308378 78005582.574392 160672.440081 3881544.365972 0 2078468003.78139 0.444864 11.136874 65.454545 2.445807 526.67804 1.375459
12045 876096.509144 1409485.839017 48027.890033 150287.350514 4789.894387 164596.583024 53810.426681 35957.189817 10235.808575 69182.730302 29072.451951 2798.022515 31374.054984 429735.968585 182312.209696 1702.358999 78686.085007 285299.206027 497872.663341 106277.732609 5063385.151581 116783.723176 146857.209002 1278540.426172 8986.033693 167447.446703 101210.450928 45227.000017 266196.866024 5609.743885 86249.280392 10879.582169 4526.382382 352079.87361 173310.518611 368.07944 7057.946207 1952149.443392 264110.308414 353397.138277 49843.981127 420574.272635 162773.083738 17349.653092 1544085.263897 2998.041162 8697.321141 145358.913964 616840.067327 245126.637852 198685.470893 6860.617657 965.380016 9993.814555 21068.965562 12339.522577 7139.210685 1311.869458 50738.761324 12495.564683 177927.570469 3750371.458641 6135673.107139 13583178.119408 7394439.286917 337508.232595 1874037.802598 38679.508157 96690.753096 658836.560875 4724333.527623 0.000301 0.108151 0.000301 6565347.563536 330433.242427 4577769.482501 1096299.062096 3775810.516824 3006361.27377 3074310.31856 35298.95684 63695.182353 78100559.705363 106431.120086 3831455.492772 0 2089078512.36412 0.43162 13.950631 60.090909 2.450468 516.540092 1.37729
12118 881189.792982 1499670.778294 49821.991402 152408.314133 4703.38052 168314.683341 45794.249144 36859.350904 10717.451597 72209.82182 29994.51253 2888.896928 35182.325623 472357.394289 192675.186344 1835.009251 81324.551747 301681.663872 509302.839766 116089.771104 5206569.364441 86686.505669 122604.22959 1325501.492961 9446.870665 137788.621362 105271.556667 45776.832209 272998.121799 5580.784805 89589.857434 11589.840205 4744.294723 354217.259488 174886.151078 364.02112 5156.601874 1414126.688735 204794.067892 292024.635254 41371.13414 429088.230766 166414.116226 17877.41127 1584336.642295 2998.041162 8697.321141 145358.913964 633989.35011 252789.569385 203638.945558 6860.617657 965.385639 9993.814555 21068.965562 12339.522577 7139.210685 1031.002119 40909.068872 9943.385715 178519.952344 3749268.116144 6137501.593839 13580402.074613 7371310.489626 336603.909362 1881493.830156 29103.274657 57305.51485 667939.837015 4725941.96178 0.000301 0.107114 0.000301 6568041.779777 328685.152819 4539663.858279 1133122.622826 2973758.657721 2956707.928867 2284375.061238 24406.109849 60035.210083 78166990.710603 79457.735104 2955225.756919 0 2091397536.97927 0.465373 13.510033 61.590909 2.455953 508.276262 1.377901
12191 894927.662918 1583700.443748 51413.168424 157287.478567 4588.362551 173012.788198 47392.346156 35745.410634 11187.277384 75023.609887 25960.195105 2971.517427 39598.050608 488956.664059 216237.681056 1951.738727 59619.31397 201102.6851 380879.743546 124079.385858 5335259.31978 92690.750757 126830.167867 1373497.479241 9852.605188 145656.468841 108987.735352 46642.530788 281637.234149 5495.198865 71334.207685 9081.632445 4890.704878 362059.205828 176338.66256 359.77219 5501.745308 1520588.91356 218164.138706 306668.887625 44445.831765 435382.626261 170587.74982 18461.480095 1629227.900221 2998.041162 8697.321141 145358.913964 614077.730995 259384.53858 208826.980091 6729.851407 965.391172 11057.023293 23130.30701 12390.669589 7169.453 1094.41683 34014.992325 8250.234664 179158.512636 3748728.53826 6138479.466612 13577261.404376 7347067.987581 335381.972432 1889152.819035 23418.425637 44154.077174 675072.448355 4727271.497201 0.000301 0.108171 0.000301 6570512.502809 327198.696579 4884974.190185 1082840.046054 3741820.074376 2893465.296612 2416821.732816 33921.701282 56238.43022 78247040.958213 109414.084816 2433028.981926 0 2092727235.66983 0.499474 4.6312 67.409091 2.457329 567.239913 1.378375
12264 913077.383482 1705155.63176 46398.015713 139678.233595 3954.508837 183783.600828 50288.943539 36562.029535 9833.802544 67305.466038 25661.301648 2610.303393 33104.709073 452525.751683 188207.742094 1376.102998 66807.321888 232023.25717 428186.368312 133171.069103 5492963.763818 100698.239274 131594.971014 1153100.102299 7857.373787 153882.224526 89273.724371 40564.097755 229707.732128 4830.278639 75291.6595 9877.642195 5045.373741 303736.689209 162615.668734 307.854603 5880.972298 1658896.687488 232629.403833 322437.925639 48670.197024 383273.457319 146554.397924 15267.175419 1354880.691298 3054.203978 8817.640311 163139.315496 548421.538789 222372.384275 184835.275814 6728.389652 957.379722 10893.71709 22887.436206 12390.313029 7168.876677 1163.945417 27492.333735 6650.009746 181917.128951 3747074.331876 6131719.003279 13573574.452506 7339837.374289 335332.159188 1904707.011965 19122.432787 37486.242697 664446.84834 4729570.047526 0.000301 0.110193 0.000301 6573214.001682 325251.39541 3245275.00161 968353.69991 4316317.396604 2877534.148848 3318918.011032 51148.159688 53474.896394 78397852.288511 149855.777003 2937860.645196 0 2101140297.99418 0.547094 4.954248 69.772727 2.46325 592.927167 1.378717
12337 843998.519488 1469452.044128 47517.419661 160080.96556 4035.565264 164196.573125 52326.452504 34859.771865 9663.514268 65368.205986 26774.117016 2678.737797 30794.847189 433229.860095 172321.934674 1545.99142 75341.886467 262700.454683 474077.898646 111089.987378 5142889.089887 110409.639631 137328.035692 1239001.540015 8539.442831 163240.683596 94538.536053 44146.14495 252269.345737 4869.979531 76669.860528 10779.104178 4308.863042 334735.395109 170830.505493 336.768511 6309.436314 1822177.41354 249593.009814 340321.353985 53336.212077 399175.00626 156597.06768 16618.887788 1452852.956024 3013.170937 8457.964133 146020.152359 575313.240768 233965.88895 190762.670869 6879.840569 955.62634 10670.016934 22569.654047 12227.619081 7075.720014 1244.460511 22410.474821 5364.73348 186045.264198 3746034.459905 6124209.2027 13570394.503016 7365486.181605 336357.885017 1925784.453568 15793.493295 34385.8998 649869.591634 4731289.038076 0.000301 0.110948 0.000301 6576175.366771 322669.404625 4611073.688214 977116.456716 5123070.387282 2897219.093837 3843526.082738 58071.297548 62942.894734 78565128.80211 164555.86766 4006064.625267 0 2118128670.70913 0.453576 11.102566 65.545455 2.469145 568.407434 1.379379
12410 878694.72097 1379627.912151 50776.467257 166590.214565 4041.227629 168343.955814 53791.520824 35983.290361 10316.030527 68962.669227 27850.269226 2804.324015 30794.847189 433229.860095 172321.934674 1700.850909 80521.365725 285246.438798 502326.803798 89075.330849 5160530.085976 117856.66788 143309.647066 1307263.83046 9099.88333 172672.629861 99465.023069 45694.881375 265013.496616 4877.038907 79762.703471 11707.480062 4609.210211 349591.76565 173584.929692 343.556079 6727.638684 1955922.844175 263909.247934 358296.279918 57392.52532 411442.392408 162663.825942 17442.79623 1513368.190651 3013.170937 8457.964133 146020.152359 598021.692702 245391.706304 201450.500061 6879.840569 955.631242 10644.171858 22533.840872 12227.46892 7075.717131 1312.596206 50386.08637 12397.673885 188700.988376 3747082.58074 6130269.501765 13570353.052958 7383039.759222 336329.10883 1939373.746722 38448.318027 94806.850849 650881.410546 4732088.588861 0.000301 0.109015 0.000301 6579020.035482 320470.134134 4598760.090112 1038335.061689 3786306.144867 2927389.629815 3039752.479299 36022.55303 65544.215328 78664479.70458 106699.055766 3971263.660153 0 2129622622.48665 0.438556 13.912949 60.227273 2.473937 557.149923 1.381394
12483 884936.331881 1469241.1866 52737.347109 169177.452515 4088.206858 171492.976816 45725.379947 36824.290148 10772.947027 71877.648207 28721.611494 2891.073831 34336.728308 475693.006715 184771.233855 1820.414041 82531.096638 301930.925307 513969.389965 96225.421435 5297113.744791 86347.544319 120044.829395 1354025.970384 9528.859571 141139.147201 102372.722543 46702.389781 272147.389564 4874.386143 82493.173594 12496.207218 4825.443919 351768.107357 174849.562499 341.298849 5053.393769 1409314.780189 203726.729753 294318.99543 47308.783248 418989.265848 166379.058309 17963.945819 1552283.622891 3013.170937 8457.964133 146020.152359 613989.934627 252230.665083 206191.415418 6879.840569 955.636917 10644.171858 22533.840872 12227.46892 7075.717131 1026.361383 40546.626543 9843.30147 189673.94509 3745734.093123 6132403.563424 13567608.082373 7357981.611903 335263.924818 1944732.246978 29517.374935 56829.131907 651831.571413 4733304.617751 0.000301 0.107824 0.000301 6581567.254367 318698.842065 2971368.56255 961682.58235 2182143.903028 2867883.424733 2206931.380105 22246.259687 61840.232601 78730710.306531 64124.098833 3019674.12948 0 2131738812.95678 0.473661 13.45658 61.590909 2.480641 549.701393 1.382052
12556 900819.866493 1555388.80894 54502.043398 175030.428963 4121.668818 175476.599336 47385.60834 35585.439077 11206.039574 74592.679652 24862.931832 2970.052609 39066.667264 493687.78003 208019.282794 1926.777304 59703.64761 200529.222103 384530.428724 101446.005602 5423690.067085 92001.196237 124724.251315 1401928.511419 9891.035082 148628.828733 104826.810138 47904.292593 280689.621607 4819.729409 65542.021527 9997.57847 4971.446357 359322.683712 176030.845041 338.495019 5447.823095 1511794.80048 216713.637852 308214.439294 50183.619467 424069.395315 170477.988917 18537.141388 1595381.490406 3013.170937 8457.964133 146020.152359 595070.443907 257955.26162 211190.244946 6747.130522 955.642418 11767.701861 24726.153261 12276.066907 7104.469342 1087.27328 33731.442456 8174.563853 190601.237379 3744113.486953 6131317.095055 13564350.652163 7326926.234758 333954.948159 1950381.670226 24071.617121 44088.642824 652713.73159 4734022.895787 0.000301 0.108507 0.000301 6583972.591173 317207.719167 5067190.244848 1097709.236513 3201433.522124 2791469.450306 2226173.303462 30155.315948 57824.536936 78807713.226825 94632.896071 2394967.822612 0 2132371959.91788 0.508395 4.564987 67.409091 2.486914 613.068723 1.382164
12629 923143.942016 1675816.996545 49197.896572 155109.643122 3671.404722 185650.833747 50331.718951 36328.717755 9803.747049 66773.170283 24632.28467 2602.001506 33075.377169 460264.308775 181290.062869 1345.548311 66152.344732 230967.325832 431138.851347 107553.530396 5575290.369815 99626.578972 129887.283038 1171080.243403 7817.760128 156334.980602 84889.003752 41823.060096 228370.239637 4342.038076 69851.733531 10890.831923 5125.753328 300750.30217 162051.458683 308.020471 5883.921041 1645210.864699 230766.183554 322902.932075 54164.578989 371313.347869 146006.649449 15274.341028 1320611.873651 3069.617778 8581.874442 163509.663229 527949.710747 219825.44883 186374.259605 6745.858846 951.334188 11597.199484 24474.063196 12275.720124 7103.882179 1153.951468 27335.23919 6608.14057 193050.959562 3741642.340384 6117275.202725 13559004.674089 7296035.642836 333817.922296 1964093.945616 19745.752196 37505.939341 633622.521845 4735093.372558 0.000301 0.110802 0.000301 6586457.76867 315243.58691 3008966.935662 932724.210895 3523815.68073 2728930.099421 2797907.811841 37174.534614 53014.952104 78950367.370519 113967.528573 2589767.878592 0 2137918790.15481 0.55947 4.894408 69.772727 2.49487 638.65612 1.381293
12702 915706.628574 1442190.617074 49726.465844 177369.946785 3913.703103 165567.242391 52412.333813 34434.149723 9607.526418 64701.169897 25663.99166 2667.312231 30874.69141 442598.853119 165705.677825 1493.999223 74106.033732 262106.37851 471985.283363 88969.474505 5198653.890097 109085.350028 135953.545803 1254817.435616 8464.079792 165144.247085 88881.398051 46008.456365 251642.251483 4411.250825 70985.173975 11899.197732 4377.332468 332663.160816 170077.540396 341.115494 6370.811923 1806351.148803 247633.623115 339651.741822 58609.036564 386157.87647 156291.001305 16654.906181 1418271.328459 3027.654218 8231.149528 146152.517408 553143.408609 230632.208729 192108.202626 6894.404287 949.55267 11368.77368 24151.43858 12105.551408 7006.419884 1233.300044 22314.613836 5342.010965 195698.667378 3734885.566144 6081321.709307 13547355.669222 7266436.722589 334796.057437 1984147.23929 16338.636766 34332.616216 597202.680233 4735224.887341 0.000301 0.112901 0.000301 6589110.707373 312525.437242 2337441.154205 794486.012737 3470947.500229 2709294.653991 3520508.919599 53937.846522 52640.171556 79105775.976959 139730.137372 3154385.317741 0 2148636124.37097 0.465083 11.188295 65.5 2.505275 615.1775 1.377579
12775 950013.588915 1350105.550656 53078.100626 184332.144618 4086.999318 169455.291782 53827.923772 35439.593781 10216.447048 68058.311811 26632.101018 2786.649172 30874.69141 442598.853119 165705.677825 1638.172796 78437.985227 284054.241251 496696.720595 71943.540138 5170625.517671 115943.464513 142078.604467 1319302.297244 8983.268205 173751.914812 92375.323911 48000.051676 264297.558164 4448.853276 73410.162493 12908.557001 4674.375403 348105.634242 172443.23756 351.643477 6833.067003 1933839.164665 261355.156386 356216.365838 62285.462466 396793.622231 162366.300618 17495.131785 1478687.825613 3027.654218 8231.149528 146152.517408 573544.870303 240924.771633 202602.564621 6894.404287 949.557693 11343.479003 24116.542608 12105.415072 7006.417207 1298.296181 50147.702535 12358.822213 198567.095262 3733766.134934 6077992.199862 13543966.655767 7263908.914837 334561.049068 1995774.68593 38979.776281 94092.179281 586236.518555 4734757.729808 0.000301 0.110834 0.000301 6591741.819859 310257.095617 4599868.733007 1034534.856501 3895284.205406 2734876.951829 3155336.546358 40883.062655 56508.373432 79192971.464469 116151.136885 3362261.422178 0 2158234630.34301 0.446966 13.906141 60.136364 2.511736 604.619988 1.37846
12848 958322.209333 1438228.464005 55125.018081 187490.182025 4249.437606 173548.710168 45954.771591 36218.226498 10728.949753 70955.426305 27539.97458 2878.617523 34475.230681 485893.758028 180996.897231 1779.819831 79472.465268 301157.42652 506851.916976 77731.267137 5312163.836915 85434.572203 119924.527256 1367985.627204 9480.952677 142461.064647 95863.414826 48938.760812 271385.132631 4640.519175 75655.51008 13807.467044 4894.132688 350126.770031 173749.230458 354.499094 5251.575682 1397019.198117 202440.369939 294233.435512 51717.534406 405406.943128 166157.468782 18048.909219 1518609.958778 3027.654218 8231.149528 146152.517408 589987.487283 248583.052155 207786.262757 6894.404287 949.56338 11343.479003 24116.542608 12105.415072 7006.417207 1018.684825 40016.25166 9720.760314 198881.80498 3732522.117199 6077843.994814 13540287.06059 7238950.504291 333314.237508 2002470.256199 30206.74956 55310.784491 586988.756817 4735181.110204 0.000301 0.109366 0.000301 6594279.059216 308339.513729 5369083.941822 1179514.039217 3342006.463197 2707171.99177 2399563.429044 26770.481337 53230.063883 79250766.943746 86594.776248 2752768.953714 0 2160958376.11077 0.482049 13.431913 61.5 2.516355 595.795678 1.378962
12921 976306.42325 1522510.798494 57015.758591 193803.038767 4394.522313 178161.332257 47798.14325 34971.705827 11209.935263 73741.359575 23975.464903 2961.46357 38235.80346 500997.049746 203483.05677 1901.880145 56819.518175 200353.918172 378963.89301 81874.869025 5443713.865783 91436.897844 124670.393734 1417628.353063 9901.685697 150484.011047 98922.870487 50076.584049 279808.222517 4780.261953 60521.548414 11217.229878 5042.148515 356950.119554 174986.107646 355.206966 5691.507183 1500486.487514 215725.664533 308827.616954 54368.885119 411493.08221 170166.2579 18606.072953 1559091.882304 3027.654218 8231.149528 146152.517408 573409.951474 254867.767028 213167.582436 6760.256915 949.568879 12532.258467 26450.370036 12151.663201 7033.794724 1080.683932 33214.053257 8049.978131 198944.495325 3732038.228561 6080222.573968 13536167.588411 7210426.935576 331820.930731 2008768.559921 24760.473332 43219.362758 591980.710879 4735450.465014 0.000301 0.110319 0.000301 6596689.058063 306787.817465 5138149.932596 1077249.240816 3139048.673595 2662927.470685 2319317.112026 29867.488803 49733.454147 79316543.647067 93130.832707 2283198.576679 0 2162078552.76045 0.517467 4.52767 67.5 2.511061 662.250018 1.379613
12994 1002579.256127 1649821.577383 51701.891296 171769.780177 3985.357108 190007.127988 51139.437835 35688.159725 9867.916626 66327.491914 23927.79077 2603.028937 32015.301052 462285.988148 174153.665601 1346.615829 62304.032401 232605.660088 426333.491151 87000.807037 5599805.719732 99833.670711 130246.928485 1187198.061744 7898.676498 159137.772778 81073.271923 43730.922403 228718.252493 4502.631006 64866.377822 12283.327366 5206.259371 299655.937279 161406.359902 325.038921 6184.395775 1641264.579199 230805.679795 324897.042458 58669.982278 361560.36485 146148.241078 15367.363307 1290647.664613 3083.449944 8344.645025 164651.507576 510261.655966 218098.973862 188704.324302 6759.003543 948.601305 12343.484614 26172.974985 12151.297773 7033.149697 1151.865882 26566.485657 6416.893362 200814.194908 3727416.429518 6059989.604245 13527970.391789 7171640.449639 331770.95523 2025027.362937 20295.017663 36929.458103 571125.157046 4736052.110891 0.000301 0.112935 0.000301 6599240.424434 304587.369143 2796820.449179 888464.996177 3616251.614124 2643462.027995 2932291.70568 41954.507803 46186.371385 79450360.242401 116034.593235 2560171.010998 0 2168196325.3249 0.567607 4.885034 69.727273 2.51806 685.081597 1.377996
13067 1027476.821495 1429925.318342 51452.48376 196762.446657 4408.562507 170291.520146 53785.380603 33751.985776 9764.90461 64676.005971 25155.972172 2681.957391 29676.617958 440876.778244 158024.486353 1525.714846 69272.20376 265753.05311 474720.150235 72654.085955 5264104.876522 110429.293434 137207.267294 1280021.659579 8647.226117 169401.233115 86172.437887 48186.364312 253477.652311 4817.589226 65921.916063 13524.692922 4455.915754 331710.294533 169670.069702 366.021909 6758.424223 1812766.987967 249124.831558 344066.434481 63734.067158 378697.413237 156928.688677 16791.478972 1388334.187364 3040.083276 7990.757674 147132.128096 538576.821057 230437.599941 195310.619779 6905.334493 946.794335 12083.55607 25806.80123 11973.75544 6931.425322 1237.269098 21428.887546 5115.362592 204430.585634 3724359.77868 6039605.430197 13520964.909464 7174830.461299 333060.429151 2048568.980618 16676.387423 33988.52548 549295.553708 4735359.67431 0.000301 0.11403 0.000301 6602132.173607 301613.844868 4715740.032406 951224.99429 5926852.75191 2654008.788848 4104187.863378 67023.934856 62441.065543 79600199.950942 183041.517777 3762522.340512 0 2184807395.78984 0.474338 11.374278 65.5 2.525157 657.731111 1.376897
13140 1068090.935088 1358472.138231 55296.051112 205162.922301 4765.451405 176309.024307 55772.631517 34830.70583 10486.920714 68499.004538 26381.780543 2815.828421 29676.617958 440876.778244 158024.486353 1703.290991 72727.379533 290171.73113 504154.396101 60051.211643 5226351.054317 118471.340699 144472.996891 1353689.457054 9276.08951 179842.427215 90882.753553 50365.538233 267370.817613 5128.876045 68155.849648 14790.616885 4779.317081 347716.646303 172317.10803 384.108645 7327.730126 1952887.233646 264524.088237 363557.328344 68042.357398 391959.932951 163456.15702 17687.61028 1450706.972867 3040.083276 7990.757674 147132.128096 562283.722907 242496.340827 207042.935645 6905.334493 946.799148 12054.596565 25766.816055 11973.607427 6931.422331 1309.348717 48965.490122 12057.096695 207315.525104 3724940.884748 6044573.153574 13519508.918681 7207476.346863 333137.574862 2063673.453416 37767.214382 88372.016815 541562.861098 4734270.923148 0.000301 0.111632 0.000301 6605204.257149 299048.089244 3651549.073603 926296.232371 3919265.754531 2693899.233098 3157562.917907 40179.287433 69274.345003 79691388.287588 114433.354278 4167915.605682 0 2199602310.91369 0.45324 14.037345 60.090909 2.52925 644.864378 1.378726
13213 1077390.048068 1449030.143791 57329.888424 208515.770173 4926.00041 179596.532797 47093.316087 35588.540778 11007.52039 71584.581363 27122.987927 2909.579716 32661.671642 483079.659254 175479.826779 1848.447236 74986.244552 307307.333844 514016.009674 65443.555051 5358796.212163 87338.01031 121337.637327 1404959.206374 9775.879904 147438.704399 94783.543361 51100.418464 273886.49802 5362.541115 70024.291602 15847.516883 4999.899717 349867.919207 173602.741487 384.881703 5732.641154 1406850.047177 204136.052176 297978.771122 55853.791454 402033.689316 167137.628717 18230.106213 1489017.701682 3040.083276 7990.757674 147132.128096 578692.936057 249865.94725 211940.551563 6905.334493 946.804735 12054.596565 25766.816055 11973.607427 6931.422331 1022.77099 39076.263428 9481.993668 206610.482982 3724137.75755 6041910.996074 13515396.808353 7187926.383664 332363.277886 2073269.157373 29434.914764 53019.494705 541028.755483 4734163.968876 0.000301 0.110247 0.000301 6607998.640903 297015.143548 4049542.367214 1031148.098923 2900195.125597 2643669.182065 2316752.075722 24785.531853 65459.056554 79745570.953136 72362.757091 3183224.398214 0 2202654602.46573 0.488793 13.49223 61.5 2.536108 635.821452 1.378438
13286 1097785.218381 1536094.482316 59151.496916 215471.512012 5074.117871 183757.269359 48689.959655 34252.766614 11508.779152 74476.292962 23341.245016 2994.678039 36260.721215 496866.586177 198027.149265 1978.589142 55054.532743 204477.432439 384013.677467 69443.780705 5485288.363862 93658.155287 126035.901265 1457601.677566 10208.259999 156213.700467 98300.876695 52106.282883 282040.822243 5547.363648 56808.242802 12931.259707 5152.435481 357358.432626 174809.992339 384.851548 6271.210115 1514307.855069 218134.041498 312755.780626 55727.709399 409694.529978 171264.714502 18819.197423 1530871.050422 3040.083276 7990.757674 147132.128096 564146.762503 256089.53007 217045.908957 6770.103457 946.810121 13311.355168 28248.837586 12017.6844 6957.533269 1087.096886 32268.299448 7807.718202 205899.635788 3724159.586457 6041311.312187 13511094.524555 7158947.235943 331301.80504 2082904.499037 24160.03207 42048.767177 541459.307075 4733888.868516 0.000301 0.110827 0.000301 6610509.200631 295338.086448 6401730.096591 1177785.685511 3871271.276401 2577178.927519 2347997.088762 34984.017079 61263.999367 79809216.31926 108380.772125 2544222.266783 0 2204057966.61341 0.523345 4.53306 67.454545 2.535866 706.007282 1.378343
13359 1117217.677596 1656964.184616 53266.931647 188514.077964 4485.938395 194645.592907 51656.227685 34895.137208 10046.134117 66583.968868 23139.197449 2620.150119 30836.528013 459570.150798 170829.217102 1396.692744 61622.284086 236296.780679 434828.867896 73990.214362 5664031.962162 101935.152211 131227.106721 1211679.113271 8031.866424 165268.32527 80176.373339 44967.01624 228744.156685 5164.709102 61128.601535 14140.586088 5313.777028 299217.600826 161250.211114 343.578662 6862.531661 1652933.202359 233245.827408 328168.45283 59056.383328 358111.042597 146170.181604 15449.538224 1257591.925522 3096.452556 8134.850719 165401.711048 496570.429941 217677.676653 190586.839314 6769.025686 948.820481 13124.693893 27973.098748 12017.346896 6956.921526 1157.337462 26006.534766 6267.343556 208114.416977 3726527.489447 6038208.123575 13510773.132245 7151138.972582 331459.44797 2101872.892489 19855.042548 36646.975005 532620.11359 4733660.660359 0.000301 0.112399 0.000301 6613034.246782 293189.781038 4175182.935454 981355.044329 4360983.493121 2544413.071846 3298716.50259 49894.897301 59238.484399 79940646.850376 148958.1457 3034017.41989 0 2212995823.74153 0.578206 4.910971 69.772727 2.539599 730.629592 1.379607
13432 1113754.529105 1420942.733524 51903.617631 212334.793951 4876.921662 171905.939243 53605.175735 32815.77284 9856.315691 64762.054176 24015.358473 2688.415099 28879.671205 440577.141027 157108.445454 1562.692233 69127.871987 266922.009583 479948.992402 61689.937999 5309815.925325 111730.964563 137215.534652 1300804.961664 8707.787328 175343.84905 85140.752727 48884.627074 251165.478242 5489.688816 62017.896635 15457.051505 4531.25148 328754.150142 169422.991514 379.243077 7523.217885 1813145.133188 250569.007797 345563.476629 62611.877484 374862.206765 156070.360217 16771.572134 1345653.743499 3052.688225 7815.781112 147122.127995 521301.66906 228403.478981 195797.58435 6913.738053 946.989597 12870.636489 27614.242369 11832.695548 6851.11083 1237.38955 21240.977645 5061.861657 211911.709645 3730037.730039 6035074.738888 13510150.103314 7187789.506219 332460.759018 2126077.17907 16405.800435 33992.503446 516419.520752 4732890.024459 0.000301 0.11287 0.000301 6615617.02103 290494.911072 4730875.027877 935435.465233 5766224.730664 2541888.846467 3834435.738902 60432.341779 66368.147637 80088484.272189 171052.219155 4100391.189553 0 2230467943.57276 0.484492 11.403836 65.636364 2.542048 704.460939 1.380879
13505 1152500.109574 1343319.143507 55361.508382 220020.942683 5192.048384 176194.225586 54892.648746 33734.577888 10499.346124 68384.470268 24844.929459 2811.557389 28879.671205 440577.141027 157108.445454 1710.690808 73420.722752 289455.245785 505664.09863 57413.479772 5235752.481061 119080.529976 143401.057811 1371125.378417 9251.632202 185529.026803 89676.3415 50637.902252 263212.333825 5781.200105 63933.691459 16785.450803 4845.245874 343062.271294 171870.789477 390.718135 8181.258219 1943901.159391 265143.423461 363128.276495 65398.718671 387742.113942 161942.660257 17570.707081 1399649.778109 3052.688225 7815.781112 147122.127995 541933.409991 238715.309163 206158.72089 6913.738053 946.994393 12841.458786 27574.062146 11832.558315 6851.108005 1305.03319 49721.535177 12232.601639 213593.012605 3731307.545164 6035600.917664 13508325.562098 7208901.337827 332278.673238 2141499.844567 38250.703414 92521.033749 507659.600987 4732132.741047 0.000301 0.111063 0.000301 6618255.529721 288242.331449 4234789.340243 941915.692975 3849046.606156 2586409.031815 3126456.308841 40416.682298 68405.771195 80176415.371035 113746.612505 4036144.51818 0 2242169298.15941 0.461239 13.98148 60.090909 2.54721 693.423232 1.381972
13578 1157942.195213 1420809.255434 57125.333105 221661.733732 5398.565564 179804.74586 46224.758951 34281.364089 10975.502329 71356.211633 25424.118547 2899.185147 31592.21449 482135.849412 177261.161872 1843.120547 74879.089613 305353.9241 515657.928802 59419.265298 5367761.245224 87826.050671 119211.622438 1420307.006881 9708.683249 151460.393766 93502.13428 51104.640405 268961.317535 5932.628267 65525.29678 17854.492264 5065.984657 345273.257699 173121.683845 386.190822 6406.233479 1398010.195506 204422.353913 297207.674632 53619.61971 397406.829697 165357.407091 18067.181548 1433799.9211 3052.688225 7815.781112 147122.127995 556936.541734 246016.461925 210705.356729 6913.738053 947.000114 12841.458786 27574.062146 11832.558315 6851.108005 1019.266266 40145.585387 9748.403533 211754.699611 3730657.079983 6035486.90694 13505412.089941 7186092.104325 332530.49137 2150737.895451 30170.181782 55652.887893 508430.536782 4732275.07247 0.000301 0.109739 0.000301 6620786.250471 286455.204234 4365432.862148 1106678.945392 2860372.072672 2536509.672719 2283286.772281 26027.219146 64558.017058 80231239.372576 78730.336619 3020089.029597 0 2244111458.90096 0.4976 13.376405 61.681818 2.553139 685.173141 1.381948
13651 1173118.671105 1495112.997732 58693.540074 226872.979571 5598.3613 184238.176411 47483.111465 32833.897628 11437.691144 74101.441634 21767.493003 2978.993631 35534.680467 498438.183794 202337.976167 1963.158097 54359.848026 202780.024615 385030.193255 59866.060138 5488197.241741 93783.141035 122059.971673 1471298.200185 10107.048513 159819.070074 96997.251413 51775.156416 276176.288314 6039.597643 54334.661868 14454.779337 5217.384943 352177.179836 174315.894239 380.395026 6977.219207 1498810.41221 217873.449939 310419.812109 52052.286268 404358.087769 169142.228564 18598.628871 1470533.371486 3052.688225 7815.781112 147122.127995 542926.643718 252317.145082 215382.077434 6777.705249 947.005727 14179.787503 30228.262977 11874.659111 6876.05446 1080.348516 33388.328412 8090.649323 209879.224109 3729642.425744 6033653.001004 13502136.400033 7159244.022975 332570.444986 2160033.80245 25040.227542 43565.624221 507663.250092 4732157.969177 0.000301 0.110622 0.000301 6623080.06589 284950.157751 5008193.464149 1025970.843319 3033671.873578 2484688.190308 2256816.236921 29702.169022 60440.594235 80297853.141943 86785.532078 2383157.748699 0 2244743435.20164 0.533342 4.501649 67.5 2.55792 761.070096 1.38148
13724 1184296.199321 1604654.491781 52916.477701 189972.780609 4959.442887 196040.51675 50115.796729 33279.075184 10046.31843 66288.326427 21556.035897 2614.062844 30156.674167 461537.763839 174023.793403 1395.317036 60246.714776 234108.844099 438536.03341 60757.607297 5646007.068212 102056.088199 125449.466831 1228170.520788 8033.391546 168523.777062 79708.396497 44722.32011 225167.092492 5523.475151 58361.436008 15747.265434 5381.049927 296686.016812 161139.582884 334.114394 7600.437101 1633037.562657 232748.997665 324495.433594 55033.62344 356043.162091 145234.409043 15375.325427 1218812.078024 3109.282024 7969.645031 165036.02684 480489.64994 215979.305237 189646.125437 6776.697059 951.641693 13994.920308 29956.079523 11874.33473 6875.448404 1148.638103 26782.041441 6470.986916 211302.117935 3731327.165171 6039802.183319 13502628.490599 7150245.864171 334041.91124 2179883.119716 20667.071199 37312.241885 493115.879825 4732139.788242 0.000301 0.111897 0.000301 6625352.678388 282874.947414 3636496.212698 968711.047771 4150768.69927 2437197.168884 3040919.974796 42772.514452 58044.301978 80440817.860651 139418.642778 2923025.180318 0 2252966043.62125 0.585709 4.894976 69.772727 2.563117 784.928555 1.383148
13797 1110651.819206 1378713.111477 50905.291028 212656.799979 5463.971608 174810.038515 51852.760828 31074.474649 9885.256887 64437.993182 22255.888192 2682.953338 28175.736821 441985.284573 159857.095557 1566.823304 67303.70803 265309.940659 484571.206267 48467.880684 5286403.48386 112139.68663 129758.107174 1319703.692529 8745.168262 178519.881498 85044.205006 48504.299451 247650.631726 5833.697695 59094.366691 17209.501844 4597.436784 327385.108222 169202.102794 364.38346 8307.7373 1792696.563641 250363.367324 340759.390249 58418.644878 373458.35475 155090.759121 16692.339742 1304086.898088 3064.752418 7663.455029 147249.898048 505195.053221 227599.181252 194875.898484 6920.224392 949.786616 13738.417262 29594.896758 11682.765334 6765.652623 1228.658898 21709.075361 5188.156153 213060.595614 3730763.451039 6026426.034974 13498947.551638 7167725.542492 336627.416705 2206845.139713 17117.786593 34342.561658 466920.85389 4730984.408416 0.000301 0.113247 0.000301 6627661.797274 280290.504336 5075856.89528 969368.970119 5766869.244596 2444580.714026 3822268.118812 59995.934892 60590.99592 80604817.878285 176429.973553 3769764.707028 0 2267775727.93268 0.48655 11.331449 65.545455 2.570041 758.264483 1.382088
13870 1145536.20817 1301941.665992 54299.606145 220060.568586 5917.641387 181866.505196 53115.196068 31795.986534 10584.39265 68083.27607 22933.619047 2811.385417 28175.736821 441985.284573 159857.095557 1731.083588 71486.004264 289482.118752 512335.831516 47167.970598 5194908.872592 120131.763979 134677.020442 1394775.841935 9334.79912 188948.523336 90145.920703 50266.974326 260825.100142 6124.236477 60791.380231 18760.018936 4929.192028 343764.760209 171770.560811 374.40088 9029.928317 1927434.577642 265730.045421 357915.756513 61309.855544 388062.859788 161544.783172 17574.873245 1362020.332891 3064.752418 7663.455029 147249.898048 526980.454956 239679.620327 205530.81152 6920.224392 949.791402 13708.295604 29553.528266 11682.626059 6765.649698 1297.986221 48562.038146 11968.485834 213775.3967 3731790.264268 6026381.852298 13497655.867118 7193641.400078 338068.189525 2225808.289004 38127.937303 88310.465231 453986.533245 4729785.846965 0.000301 0.111506 0.000301 6630159.812155 278040.541942 3401722.64857 916100.90337 3564377.361185 2488566.016954 3133725.798568 39081.943643 65197.624541 80707139.641987 107245.105804 4008952.080054 0 2280774429.87465 0.460353 13.842769 60.136364 2.576222 746.1549 1.382663
13943 1146316.914316 1390742.413721 56154.736016 224794.314089 6160.38936 186474.596769 45309.192752 32275.643186 11110.080857 71121.404855 23624.426315 2905.121699 30718.550156 483262.760116 182068.452145 1868.473777 74050.438331 307500.774295 522919.897812 50098.350072 5327235.297786 89476.758063 112993.293178 1449028.684374 9825.758324 154827.24543 94785.324184 50808.991778 267760.954547 6333.308338 62269.382004 20083.042831 5158.620578 346757.549491 173304.8034 366.610983 7084.085403 1393429.668368 205744.550722 293540.551262 50803.352049 398974.384894 165525.479653 18150.50713 1400804.495873 3064.752418 7663.455029 147249.898048 542680.366312 247577.287389 210270.282911 6920.224392 949.796933 13708.295604 29553.528266 11682.626059 6765.649698 1017.850495 38144.509249 9245.294396 211805.787982 3730947.890398 6024675.589141 13494630.742705 7172200.351613 339270.010723 2239858.456559 29945.099778 52528.604402 448342.92718 4729564.427776 0.000301 0.110177 0.000301 6632540.211359 276186.349695 4289420.653145 1084299.108368 3219335.063257 2450099.161515 2381668.031375 25775.762568 61378.831776 80772208.650983 84669.638447 3131889.411478 0 2283897009.31483 0.495171 13.181016 61.590909 2.58394 737.595783 1.382314
14016 1155343.174799 1475052.894369 57836.535325 233186.999197 6386.589381 192248.180695 47072.606841 30924.486622 11612.517654 73982.937489 20416.030498 2990.531566 34386.902891 499094.244219 208660.920699 1989.505166 55011.120387 205652.042808 390328.668895 51670.852266 5453565.925931 96306.408595 116712.094752 1504548.000117 10246.883098 163868.332449 99024.642928 51661.216967 276460.241026 6480.488971 53222.694071 16086.922849 5316.698311 355868.599253 174753.834677 357.588979 7738.970067 1502158.682869 220175.663437 306853.825119 50636.087604 406605.553417 169965.662854 18783.880891 1443793.783109 3064.752418 7663.455029 147249.898048 530550.923632 254248.10021 215399.82984 6644.666131 949.802348 15122.636121 32377.459472 11722.890568 6789.526329 1082.682933 31303.744646 7559.789621 209805.48409 3730736.096358 6022371.625699 13490981.828268 7147332.642929 340201.038558 2254221.399758 24675.78017 41837.673754 446580.508445 4728963.10422 0.000301 0.111091 0.000301 6634729.446414 274637.244204 6056808.675284 1083941.286399 3766572.208438 2406035.187655 2489502.342898 35665.903897 57471.202645 80847176.522802 112380.574237 2588896.912257 0 2285882974.5101 0.529137 4.418252 67.454545 2.583029 818.166198 1.381959
14089 1157979.986088 1588688.854241 52296.00501 195120.174824 5575.088266 205018.063463 50079.834174 31305.651648 10148.339565 66258.868955 20473.256274 2621.348758 29463.311748 464325.596743 181580.399235 1403.395145 61866.792421 237937.358219 442609.546246 53349.391274 5620385.954522 105111.915803 120796.878703 1252264.622931 8079.488322 173231.711684 81368.700788 44689.752483 225612.303901 5828.12431 56975.521682 17475.098156 5481.953554 300418.037208 161912.172897 305.758477 8462.334712 1641236.554341 235665.854655 321018.031473 53995.29717 356464.966617 145553.253754 15488.65101 1189527.045068 3121.614204 7830.674748 165389.461256 467065.15557 216778.85186 189622.945173 6643.689961 956.730311 14925.641886 32088.151504 11722.571087 6788.905016 1153.516146 25280.751694 6076.017826 211958.639127 3731503.657804 6027046.037739 13491338.675137 7161532.363595 342384.468106 2278619.742494 20214.141583 36572.43033 438495.65554 4728174.647801 0.000301 0.112781 0.000301 6636822.499734 272736.190464 3645067.279567 947183.239667 4603996.511517 2456852.159947 3804999.589829 61553.108699 60774.994214 80987858.391937 180068.196912 3366674.25511 0 2297301121.18609 0.582073 4.800074 69.772727 2.586064 842.407286 1.384264
14162 1011912.561566 1372234.842118 50677.109865 221464.070328 6131.406715 182767.721188 52312.440825 29201.218681 9995.652951 64637.750551 21369.088251 2696.519995 27606.975027 445551.761195 167020.42336 1572.372503 70250.60414 270768.742784 492424.710249 43462.398419 5305900.719841 116125.859933 125993.41831 1352707.261832 8779.003155 184147.121361 87395.750853 48765.788987 249935.693522 6130.72748 57754.075453 19081.910563 4679.403982 333666.662034 170276.161244 328.195749 9291.849224 1808921.512871 254140.616192 337755.099726 57893.611238 374515.892968 156137.146754 16927.035612 1280595.739903 3076.101768 7523.778126 147704.059541 491599.070047 228456.782565 195388.758983 6647.414416 954.849569 14642.599292 31690.405709 11524.352147 6675.255112 1237.224958 20615.890785 4893.198259 215836.606077 3734575.448255 6024781.456119 13492253.824842 7226801.999674 345933.966796 2311462.827051 16648.320694 33917.104918 424505.92503 4726034.426879 0.000301 0.113539 0.000301 6638962.565998 270386.27228 5121861.255066 935457.959435 5321936.976806 2551836.257321 4203974.923256 68672.079118 75758.267298 81149881.356383 189475.589264 4777052.155311 0 2319849082.76025 0.481236 11.050764 65.590909 2.587833 814.247402 1.386404
14235 1039082.402292 1295842.497756 54267.293513 230591.033736 6587.03591 189851.232905 53953.513029 29868.032081 10693.612728 68414.817804 22254.982273 2826.738911 27606.975027 445551.761195 167020.42336 1738.146971 75203.276113 294281.92512 522105.882115 45190.484733 5225567.016815 124536.481282 131514.549192 1433009.30291 9371.837123 195223.369176 93122.880345 50342.293041 262859.90974 6434.98814 59537.587008 20730.942245 5008.772884 349484.717848 173046.573423 326.852878 10127.713073 1945236.836812 269712.000728 354873.427061 61180.686851 388928.835595 162317.808004 17784.656953 1336012.421158 3076.101768 7523.778126 147704.059541 512290.545386 239868.689976 206166.854182 6647.414416 954.854254 14608.415116 31643.576036 11524.21328 6675.252144 1307.336387 49109.603115 12071.50793 216189.803679 3737606.107523 6031742.469295 13494062.365424 7256748.152109 348278.237063 2333562.906319 38028.286385 90821.696413 420749.252962 4724597.852545 0.000301 0.11142 0.000301 6641428.080836 268443.08468 3935192.625352 962820.161399 3407245.072758 2613942.171153 2855235.213019 32796.279406 77751.130578 81245536.892416 96244.613346 4504850.918581 0 2332897839.62246 0.456431 13.579546 60.181818 2.592238 801.790403 1.3878
14308 1033958.617364 1373356.77482 55910.999562 233993.336262 6802.713989 192947.117637 45688.740799 30241.440271 11160.892924 71305.787813 23044.12589 2911.758372 30033.474767 486849.961254 191114.212214 1863.902895 77519.021852 309885.453839 532272.760732 46394.844515 5357171.280572 91764.740711 109816.16826 1485463.131374 9811.465012 158996.576171 97480.119018 50855.726883 267528.912624 6550.623963 60975.023536 22008.741508 5228.506045 351976.961843 174439.094714 313.570348 7842.995904 1393699.016367 207159.025712 289891.789343 50231.149243 399147.735788 165594.273739 18275.079468 1367924.884007 3076.101768 7523.778126 147704.059541 525604.990691 245888.940057 210796.651387 6647.414416 954.860103 14608.415116 31643.576036 11524.21328 6675.252144 1017.450893 39552.305644 9584.854985 213473.507218 3736378.674297 6031568.429323 13491345.154277 7229630.669453 351447.574266 2347238.62976 30300.472791 55457.066383 423587.205742 4724343.221802 0.000301 0.110176 0.000301 6643645.004962 267065.377551 4056422.262082 1053432.026518 2706602.965252 2574063.708932 2155278.40553 23049.102093 73541.10864 81300014.317181 71033.036727 3169911.067816 0 2333853044.56082 0.492724 12.965241 61.5 2.596669 793.956075 1.387364
14381 1035892.747128 1443847.377709 57238.421424 240513.547467 6992.09623 196709.444213 47118.552546 28886.674535 11585.663297 73903.872625 19945.003634 2985.73763 34120.672829 505454.377092 221655.931959 1973.031758 56802.793783 204752.619536 396554.181457 45987.534837 5479268.167896 97810.430985 113119.227775 1537384.511071 10170.34576 167221.714724 101267.993704 51531.049063 273256.127996 6593.359389 53844.024794 17208.750451 5375.735803 359208.07233 175687.750503 298.661911 8491.16155 1488246.81978 219960.682568 301680.196585 49590.874358 405240.070195 169098.437612 18792.879659 1401807.102143 3076.101768 7523.778126 147704.059541 512424.214984 250557.507531 215429.464659 6232.496757 954.865896 16116.810982 34667.429908 11562.820319 6698.148364 1075.170005 33125.587517 8008.404029 210742.587435 3736673.199136 6033227.355917 13490153.386283 7207936.284838 354247.510716 2360627.668401 25457.953597 43970.337205 428453.491116 4723773.73641 0.000301 0.110629 0.000301 6645513.555934 265919.768824 5209466.484809 1019375.25641 3841764.895211 2544831.105507 2520854.188154 42261.347796 69437.285792 81366696.887038 112587.28458 2518604.084943 0 2334585941.38901 0.527891 4.288541 67.454545 2.598851 881.127441 1.386809
14454 1033215.291955 1547483.537327 51496.550868 198560.699921 6038.567646 207120.929552 49840.652223 29140.214548 10116.538695 65984.953897 20084.323972 2612.355348 29171.685242 471417.003947 195470.771469 1392.246118 63186.728483 233421.053314 445300.181115 45853.67746 5620883.543239 106044.166519 116980.316323 1278040.950404 8024.187533 175844.960123 83102.822328 44334.436289 220605.379144 5812.038667 57079.395308 18591.937321 5533.778063 299918.91861 162913.123649 249.88465 9211.898731 1612144.30655 233778.515308 314364.524889 52424.958748 356342.200247 143944.979098 15338.597374 1144665.746897 3133.936677 7696.890791 164766.003318 450931.009884 212788.265588 189329.03877 6231.652357 963.778158 15924.400632 34386.153528 11562.536149 6697.588938 1138.260398 26962.315431 6496.172458 210951.493206 3737818.108435 6037873.986572 13490673.429126 7211217.793164 358586.694865 2384221.241963 21089.096439 37704.905612 420305.368326 4723278.90141 0.000301 0.111756 0.000301 6647165.72928 264413.457075 3492302.395386 947379.870196 4530379.053962 2570724.217048 3376505.08507 51043.007616 67048.556948 81504414.863959 160880.259829 3093365.842194 0 2343335659.39314 0.581763 4.643094 69.727273 2.602547 905.322398 1.387439
14527 846179.368273 1336600.102323 50523.810246 222389.341297 6579.681483 183436.662657 51769.772416 27111.724949 9919.255454 64112.11475 21031.009513 2675.51312 27321.988564 452708.168267 180497.769352 1557.295101 71030.623584 262383.855819 492762.05707 36116.55023 5285513.921174 116303.10806 121936.019163 1372832.002413 8699.888146 186016.324041 88966.874115 47950.863231 240618.267534 6051.329481 57819.044048 20227.884746 4727.379569 329870.735378 171006.674226 258.632898 10030.63647 1763858.425589 250575.998444 329454.242384 55799.807437 373465.218388 153008.947042 16578.005983 1220283.02605 3088.025445 7398.002779 147180.761057 473004.567606 222711.07538 194425.610572 5956.877104 961.871531 15647.985742 33999.847341 11358.022373 6580.316293 1214.038354 21938.479192 5227.48442 212937.048403 3740644.721161 6037753.966762 13491288.447492 7262019.82902 364255.339291 2416789.593482 17537.208969 34611.312674 409404.900692 4721637.511946 0.000301 0.112557 0.000301 6648763.158219 262523.938599 4298154.479326 900850.814304 4734178.835112 2641407.555674 3796082.904789 55680.529931 70784.23125 81670291.60672 161371.469297 4402466.444851 0 2362830773.17643 0.47924 10.756108 65.590909 2.60605 877.820135 1.388251
14600 863390.898222 1251536.622333 53773.567306 231189.391398 7050.890161 190115.079929 53193.482278 27613.467781 10578.736015 67601.834931 21968.021077 2799.247771 27321.988564 452708.168267 180497.769352 1709.015684 76089.577681 285172.351021 522408.730908 36650.755295 5208539.119162 124523.529717 127249.870603 1449458.44915 9253.507655 196496.298483 94506.526248 49722.595211 252021.205095 6250.49649 59583.808574 21913.636617 5047.141953 346936.300798 173656.509446 253.148881 10855.654808 1892889.517763 265244.594437 345025.90387 58603.187427 387736.126521 159110.122555 17446.042309 1274062.741735 3088.025445 7398.002779 147180.761057 491555.530788 232906.39646 205170.239496 5956.877104 961.87653 15614.965815 33954.802362 11357.893446 6580.313514 1280.377763 49537.062545 12177.563741 213114.271266 3742910.399853 6045005.548919 13493397.069838 7276925.865852 368841.847393 2440599.254625 38932.428354 92410.204421 408800.954517 4720221.518633 0.000301 0.110955 0.000301 6650676.391764 260943.724579 5072391.511864 1070080.809322 3523446.924894 2688118.521555 3018872.668209 35541.786285 69112.768615 81774890.020884 105179.849818 4148252.533303 0 2373733664.29095 0.455751 13.287279 60.136364 2.609875 866.311193 1.389861
14673 850505.509845 1323373.493443 55636.121692 233562.413709 7280.430593 192812.013054 45429.221049 27938.105163 11039.416538 70396.308455 22881.927286 2883.178329 29733.111005 494498.522136 206651.280855 1832.849925 78662.130067 300334.857885 533274.183901 37536.11413 5336232.731005 91830.49187 107449.665089 1501163.271923 9690.982029 160136.930055 98872.590895 50414.510877 256616.683127 6336.247026 61118.865244 23265.844645 5263.862398 349401.674779 175018.579096 251.547007 8375.625666 1364547.680472 205432.310719 282426.604827 48437.289309 397045.054149 162316.05622 17929.385112 1304634.053342 3088.025445 7398.002779 147180.761057 503234.281302 239766.943321 209706.355347 5956.877104 961.882481 15614.965815 33954.802362 11357.893446 6580.313514 1004.506744 40065.20938 9708.52806 209626.67525 3742378.679533 6046491.005466 13491037.869267 7253659.28001 369839.014628 2451564.388003 31016.369705 56487.940989 414579.745361 4720087.454272 0.000301 0.110183 0.000301 6652577.956784 259832.55177 4045596.419 1066645.922786 2656581.162624 2654175.554504 2210349.527009 23353.40242 65407.48363 81835167.216491 69582.246793 3029624.922974 0 2375011311.50216 0.490798 12.715112 61.590909 2.613395 858.596583 1.389309
14746 843609.429503 1389981.888116 57197.834648 239077.904318 7487.966861 196249.357969 47130.165496 26784.215432 11465.50477 72905.927555 20012.850737 2956.950527 33727.938008 513130.906164 240213.846777 1942.368505 57763.212699 199494.156158 396421.329072 37192.858666 5447915.549327 97901.045557 111386.977121 1552615.605102 10053.294945 167993.477667 102712.92794 51306.810533 262424.904573 6359.117483 55883.962599 17957.960839 5410.781759 356702.217606 176264.478356 249.139628 9056.983728 1456655.626011 218166.483835 292436.805917 47755.743137 401883.491621 165806.03119 18441.42595 1337137.643699 3088.025445 7398.002779 147180.761057 490469.05969 245456.28592 214232.606803 5819.517334 961.888376 17218.422555 37186.24286 11394.974524 6602.312181 1060.436729 33521.259083 8100.819023 206108.914422 3742512.982338 6048516.874161 13488748.09337 7228589.676001 370457.107669 2462313.001204 25971.90491 44412.818002 419543.424777 4719828.775092 0.000301 0.111071 0.000301 6654166.693663 258903.214618 3704805.670839 901512.49423 3093972.030863 2620100.940469 2359184.412022 36274.047942 61588.671908 81908857.602233 98805.785646 2376899.423847 0 2375122973.09926 0.524925 4.125081 67.454545 2.608929 951.665761 1.388735
14819 833710.743722 1487596.091522 51728.315536 197004.504569 6475.840702 207515.872092 50152.535829 26992.143302 10028.505554 65287.048701 20231.392336 2594.453542 29262.230453 481753.252555 213694.921432 1357.449082 64729.283721 229411.707303 439054.644288 36982.303842 5573810.538736 106309.781536 115848.814932 1297202.702013 7928.656172 176257.446916 84415.454293 44994.272875 214987.428396 5521.64816 58589.866855 19407.82913 5571.867837 301776.151769 163662.055479 223.454238 9812.106022 1581805.308766 232390.215975 303122.577253 50501.443373 354625.353321 142817.140114 15293.487172 1109484.220229 3145.938759 7570.783299 164368.983552 432156.456645 209938.390671 189050.439413 5818.717923 972.505206 17026.881671 36907.55955 11394.699467 6601.739134 1123.840764 27155.541654 6541.57169 204767.150029 3739157.609779 6027572.149208 13482479.193536 7202458.881403 372525.5381 2485315.575449 21453.037958 37794.18007 404087.448174 4719463.196962 0.000301 0.113739 0.000301 6655436.911436 257649.747046 2771741.405813 859200.498209 3662260.291006 2623142.52726 2932701.2826 39928.595186 57117.104928 82058390.327512 124326.473635 2596936.645054 0 2380591927.83601 0.574331 4.43764 69.863636 2.615857 976.172409 1.386268
14892 649361.987828 1281196.439876 51235.550566 219908.125535 7047.978854 183825.53978 52320.544742 25134.435582 9800.754435 63192.724031 21299.288518 2655.413401 27584.394723 464788.627511 198485.014422 1504.100383 72958.872739 258941.383958 480266.991362 29049.647906 5234855.56381 116540.153531 121060.586643 1388978.764026 8549.414918 185613.131067 90081.00842 49113.670065 235733.667929 5675.390248 59397.182315 21036.808524 4762.544005 333639.787144 171347.615895 246.779279 10659.936285 1729278.367141 249061.943111 315377.804664 53533.50929 370337.212523 152313.603885 16598.738752 1186593.23183 3099.892802 7292.552511 146780.064734 450919.695994 220592.006756 193869.083158 5543.460945 970.56904 16755.472563 36529.376493 11184.240617 6481.031828 1197.355155 22179.492271 5285.670802 205409.3904 3737297.92611 6009992.704756 13477423.707345 7198783.892416 375775.037959 2515653.062677 17819.738106 34624.347342 387746.141775 4718020.672356 0.000301 0.114922 0.000301 6656555.025019 256155.869623 4448711.932165 918318.610705 4804492.731799 2688000.31375 3769909.682827 53564.255563 58229.888359 82216869.291533 159373.51255 3489412.695906 0 2393677378.02583 0.469274 10.424553 65.545455 2.623579 950.128133 1.384764
14965 654418.952823 1188359.103984 54682.222909 227469.882372 7540.771702 190252.680483 54058.065086 25587.243507 10446.713863 66482.010543 22401.206504 2776.473239 27584.394723 464788.627511 198485.014422 1651.831938 78227.073489 281377.489793 509626.329785 29806.264812 5118914.825393 124643.442588 126830.358431 1464927.307722 9095.440502 195274.42884 95661.733202 51091.856462 246957.915925 5832.422628 61463.966102 22779.17914 5082.602247 350104.577054 173901.983467 255.514792 11528.496894 1853123.693884 263659.01533 328284.410449 56202.09183 383385.316306 158267.692977 17436.237569 1236914.854843 3099.892802 7292.552511 146780.064734 467018.306551 231549.175733 204251.074881 5543.460945 970.574006 16722.376571 36484.531123 11184.121377 6481.029237 1261.04948 49600.313069 12193.352962 204973.128338 3740723.217216 6018873.219951 13479555.63663 7209965.320784 377908.282564 2536153.926866 39018.3626 92425.547383 385484.815965 4716993.03886 0.000301 0.112571 0.000301 6658103.307478 254916.677963 4450850.98168 1044547.765182 3539398.009436 2748282.159065 2903148.754028 32361.551901 61341.346132 82318388.971761 99023.004327 3710893.325595 0 2404774453.12246 0.444769 12.843927 60.181818 2.629106 938.86296 1.386446
15038 643361.936993 1262472.962451 56667.676135 229877.641948 7676.129346 193422.844099 46517.322182 25892.244556 10907.548927 69193.999073 23400.892944 2859.641737 30104.559876 507667.858577 226210.575139 1774.837139 81077.837654 296989.026897 520010.866331 30628.921429 5244566.307386 91593.717869 107918.865979 1518385.276087 9532.780122 159423.202625 100109.404717 51947.037532 252754.644252 6013.323343 63176.710271 24244.894997 5301.583769 352012.058683 175075.746822 255.316054 8836.03136 1337263.184937 204813.386969 269821.765978 47250.247619 392716.396352 161458.447517 17875.513342 1266413.304924 3099.892802 7292.552511 146780.064734 479194.14561 238465.382505 208377.323119 5543.460945 970.580018 16722.376571 36484.531123 11184.121377 6481.029237 990.315428 39775.854046 9630.56271 202097.468228 3740029.571532 6019050.233884 13475948.080754 7182306.987143 378564.730945 2546508.45866 30838.011945 56012.569808 388826.89677 4717124.665096 0.000301 0.111303 0.000301 6659688.623935 254007.756856 4590160.770403 1059036.920107 2843551.060975 2728005.359503 2216069.286739 23189.192115 57887.869624 82380366.280131 74176.347104 2788707.852036 0 2405898137.09035 0.478709 12.353901 61.5 2.63311 931.199997 1.38581
15111 636967.994583 1331190.755503 58486.192756 235255.399244 7778.4488 197309.29229 48690.423476 24952.249879 11337.316356 71758.865921 20603.205853 2934.111972 33904.439832 526548.584675 262313.484943 1882.61261 59042.803664 197121.878384 386552.36302 30450.260012 5356915.480726 97710.240459 112278.799087 1572533.512749 9900.77234 167457.730059 104127.788533 52983.992012 259724.903372 6137.913827 59587.648358 18443.042129 5451.379717 358559.064786 176139.529791 254.087164 9585.101136 1430065.981286 217966.698097 279359.211701 46784.418513 397424.700755 164857.364614 18334.885291 1297385.688601 3099.892802 7292.552511 146780.064734 468346.026639 244183.33299 212696.626378 5405.859757 970.585869 18421.393826 39930.797537 11219.803933 6502.207599 1046.826547 33165.077629 8004.279709 199096.831872 3738403.10508 6013888.973961 13471461.724 7151649.375581 378923.289886 2556438.492396 25512.695534 43951.401087 392067.462823 4716849.129415 0.000301 0.112586 0.000301 6661119.060603 253244.002597 5300024.61312 1017714.515582 3690178.802435 2701848.993051 2315656.835962 33108.466366 54281.756323 82451315.433917 102716.61518 2186497.49551 0 2405550913.87803 0.513023 3.945404 67.454545 2.63555 1030.330985 1.384583
15184 632294.724227 1430297.960796 53202.719102 192785.329818 6616.538473 208524.287204 52247.397206 25208.124912 9954.381411 64513.569149 20896.95431 2577.450113 29010.399414 491857.258864 231635.119834 1318.344113 66212.36675 226515.711795 429463.726281 30468.205668 5488758.681373 106144.914235 117176.546467 1308521.645324 7869.816984 175949.010117 85905.400082 46172.649545 213176.176103 5442.96725 61884.500858 19976.585721 5612.16125 300962.903878 163615.643422 228.462985 10425.078825 1554113.323349 232574.378347 289702.986719 50279.165246 351757.745474 141228.218052 15059.076042 1068427.298859 3158.447907 7478.973165 163942.959394 414625.778609 209087.746096 187777.852583 5405.175111 982.658385 18219.808948 39638.867405 11219.536951 6501.646141 1110.342957 26918.172625 6469.099234 198307.621824 3736028.880424 5998364.439488 13465817.261722 7129082.773279 380891.5109 2577988.710741 20778.147285 37447.261269 385273.682306 4716151.473687 0.000301 0.114745 0.000301 6662296.589388 252237.252743 3552161.711085 922032.396561 4344907.619833 2737654.147795 3210335.512623 51071.56162 51661.541541 82587284.120496 146509.38398 2553795.969633 0 2411435327.13311 0.562843 4.240646 69.727273 2.639628 1052.925405 1.382715
15257 502937.203561 1241389.411059 52940.149748 216677.921779 7120.017176 186363.164825 55225.657563 23664.404767 9799.406906 62655.907392 22190.01911 2648.526794 27147.133464 472223.878335 212976.631436 1475.886668 75447.757388 258420.910569 471410.990422 24350.881242 5162357.534558 117248.169055 123200.01165 1407515.758172 8568.117166 186019.247722 92279.300079 50786.869934 236476.207919 5764.671797 62821.364031 21810.750676 4805.020795 334634.742891 171060.177831 257.147189 11384.55845 1711137.793275 250925.410265 302255.612666 54426.882229 368629.744972 151167.015326 16398.420783 1148130.985955 3111.510225 7201.552738 147022.17571 434591.673681 220629.333756 193161.117976 5129.513155 980.692694 17915.754215 39217.317794 11003.47454 6377.682104 1189.192309 21827.95063 5182.139683 198906.953161 3733439.346165 5970810.367296 13458676.667261 7129141.615261 384499.595241 2611050.756555 17019.780321 34051.005835 371487.361001 4714118.90538 0.000301 0.116593 0.000301 6663311.573875 250878.38541 3676212.182229 841105.731467 4393367.629382 2833281.698318 3757341.110763 56284.243668 58707.023961 82748526.799169 150033.84358 3619298.542937 0 2426566706.02259 0.457555 10.117373 65.590909 2.646986 1024.168873 1.379911
15330 508528.184071 1162394.040657 56822.261896 224603.681335 7519.177151 194106.772198 57681.075273 24168.876451 10470.544409 66175.000109 23517.370371 2775.236593 27147.133464 472223.878335 212976.631436 1628.848158 81322.713997 281650.428992 506073.193593 24579.408008 5076234.538179 125815.863144 129824.309149 1489151.362888 9134.134462 196520.759217 98304.828889 52998.023931 249331.055367 6056.957256 65303.603787 23724.475728 5134.824437 351267.516838 173559.640595 268.994883 12360.722319 1840884.561704 266602.825837 315461.882853 58088.583913 382361.780268 157203.5485 17216.026401 1198776.008061 3111.510225 7201.552738 147022.17571 452012.983187 232049.201499 203811.608343 5129.513155 980.697529 17877.574175 39165.927614 11003.34988 6377.679356 1256.108949 49366.214672 12120.535913 199751.028657 3740892.816174 5991021.520707 13464958.677381 7152512.965144 386852.721641 2632900.831613 38523.865014 91571.950067 379679.104412 4712608.939731 0.000301 0.113547 0.000301 6664788.729596 249763.915247 5298819.413293 1037253.76538 3742796.977698 2926474.989523 3134384.172871 38455.690397 66594.144942 82850579.72589 114573.215291 4050681.486797 0 2440183398.50131 0.435903 12.590581 60.227273 2.649698 1012.261161 1.383638
15403 494549.122023 1242487.861128 59523.147609 227805.336086 7750.189557 198414.882579 49760.105638 24679.654409 10989.172365 69125.951981 24737.539801 2867.393899 29532.196334 515325.971471 239742.410416 1764.705766 84557.064005 298549.755453 519985.700464 25797.609285 5220731.136089 92623.339204 111454.860356 1549211.836347 9624.238992 160899.836954 103499.805907 53965.567698 255328.37895 6259.458723 67490.524549 25406.890325 5368.270005 354295.808119 175030.451989 269.610994 9461.734464 1334971.974969 208133.014627 260941.445042 49412.429952 392468.423336 160620.740901 17738.454505 1230262.930195 3111.510225 7201.552738 147022.17571 464758.270802 240246.656813 208211.802692 5129.513155 980.703342 17877.574175 39165.927614 11003.34988 6377.679356 987.715631 38932.591397 9394.237817 197512.547075 3741568.9595 5998981.642004 13465601.045209 7134412.027812 387931.833559 2649226.318193 29522.96275 54142.077673 390734.741726 4712572.233494 0.000301 0.11179 0.000301 6666423.023918 248937.252684 5200661.410612 1116344.784106 3149332.157935 2911124.717274 2351198.055748 26336.018001 62857.348299 82924397.372788 84622.997366 3162419.874845 0 2443078991.33269 0.46937 12.152034 61.5 2.654184 1003.79752 1.384727
15476 485416.423607 1315913.258996 62022.591775 234117.274947 7949.903832 203787.809622 52522.043747 24027.175423 11483.439632 71878.361892 21823.095952 2950.212929 32896.64133 531915.323302 275746.111575 1882.800931 61073.391963 199182.673896 388192.353524 26151.699813 5341277.001817 99601.173033 117001.929006 1609956.150715 10043.591353 169716.427754 108239.76325 55298.237762 263052.533361 6395.641014 65345.269901 19065.729857 5526.741943 363074.620409 176358.001317 269.618255 10327.529695 1437247.676709 222908.254283 272511.357485 48848.177144 397783.513161 164442.066633 18295.638976 1264054.557734 3111.510225 7201.552738 147022.17571 455487.939604 247170.183068 212850.259085 4962.76349 980.709023 19676.744755 42838.475386 11037.750685 6398.109327 1049.326344 32036.002711 7696.35993 194967.064923 3740992.152333 6000265.234812 13463644.319952 7116156.29314 388581.373467 2665323.542724 23883.946496 42417.698207 398422.773397 4712096.090632 0.000301 0.112647 0.000301 6667854.459261 248225.546489 4516584.819546 959585.811677 3681404.23298 2904167.141776 2466892.324989 37268.568598 59084.45701 83012416.717228 107560.374605 2604276.185035 0 2444719647.83977 0.501422 3.839897 67.5 2.655529 1108.524952 1.384419
15549 484476.256062 1424141.06965 56645.521808 191543.276196 6836.402818 216601.434671 56810.895832 24485.930505 10070.12526 64532.825256 22194.088215 2585.815818 27930.235807 492662.957366 240005.359475 1333.391972 68837.742888 230211.88606 435333.632582 26561.984837 5488098.710763 108661.985495 123186.176769 1337965.061493 7963.982832 179034.307825 89119.927228 48228.260247 215683.466765 5625.555484 67382.685288 20760.47791 5694.149163 305797.442222 164068.186932 241.292023 11300.744277 1569594.485627 239035.522798 285094.86143 53219.125164 350093.394061 140589.881133 15039.123626 1035812.518871 3169.179397 7357.27348 165143.431284 401647.48081 211612.349655 187468.963979 4962.171642 994.019248 19445.156518 42504.844016 11037.464464 6397.506295 1117.222572 25792.677042 6158.314732 194743.268592 3738846.258323 5989777.851666 13460073.830228 7116798.038311 390824.853011 2694224.212543 19095.145761 36356.610357 399251.591474 4711288.621948 0.000301 0.114848 0.000301 6668986.907728 247291.497648 3533008.755428 934154.591231 4852032.073475 2963164.473397 3576577.013518 60823.395389 57767.656016 83172451.079193 169669.007992 3111299.834617 0 2453844596.2557 0.550971 4.125925 69.727273 2.659947 1128.324509 1.383564
15622 429278.197158 1232142.497056 56684.052802 214259.897241 7418.34288 192853.060836 60393.351206 23328.034185 9917.808578 62892.664595 23704.007325 2657.455051 26214.563851 472311.761456 220118.623938 1505.626615 78220.821749 261484.03401 481327.04733 21485.48033 5143778.466342 119779.262704 130407.347875 1440839.619286 8669.211276 189754.777902 95958.087971 52970.655116 238176.09461 5932.551991 68528.014555 22669.142587 4862.803607 340260.359237 171980.096571 269.558229 12404.31062 1729388.035949 258254.505941 299734.237841 58026.318228 366644.312634 150227.535969 16399.557632 1112229.190555 3121.563303 7075.782317 147450.589318 421608.803698 223512.952324 192882.650524 4686.144063 992.023863 19122.144806 42057.106129 10816.243736 6270.549651 1197.412749 20970.57269 4938.795353 196209.932118 3737009.886938 5975364.800063 13456381.986429 7154915.038828 394352.855026 2733144.046558 15531.807281 33356.852788 399483.412097 4709146.454639 0.000301 0.116213 0.000301 6669898.831354 246101.837536 5328319.946473 983237.376413 5370926.403307 3113799.317541 4097033.78995 64610.411009 69517.414941 83349795.927434 174342.878834 4383718.838997 0 2473617968.4208 0.449067 9.886551 65.681818 2.664911 1097.471712 1.382557
15695 433545.97809 1175282.631254 61244.516764 222320.670765 7908.901273 201328.832496 63438.466758 24034.917891 10611.06928 66559.084521 25241.324331 2787.415336 26214.563851 472311.761456 220118.623938 1662.161158 84303.675799 285084.685268 511687.917289 22617.579065 5082246.545065 128747.643534 138154.789088 1526378.237531 9243.545713 200867.515815 102490.482732 55333.446167 250953.061057 6198.252379 71714.408416 24682.42072 5204.451273 357810.607871 174736.611255 281.118055 13521.838639 1862832.060206 274829.013027 314793.789579 62406.256308 380392.123749 156276.887978 17251.788775 1161082.511957 3121.563303 7075.782317 147450.589318 438880.005754 235533.586587 203425.939129 4686.144063 992.028526 19082.611668 42003.820572 10816.12353 6270.546975 1266.106969 48549.449934 11901.43196 196210.557656 3739141.729863 5982247.941231 13457746.793698 7180715.037409 396740.089414 2760358.418792 37652.092258 89054.848711 412673.865314 4707490.264215 0.000301 0.11374 0.000301 6671215.906631 245090.049861 4315027.211491 944620.742879 3870143.455298 3231918.709305 3158931.703636 40238.193447 71207.054915 83456956.603379 115641.764803 4372836.550498 0 2486788711.67635 0.429827 12.466641 60.181818 2.667832 1085.257111 1.384139
15768 426945.544763 1262316.992014 64235.061081 225697.618857 8090.679825 206948.334329 54597.173506 24740.37004 11144.578075 69603.209928 26607.294162 2882.153462 28386.806717 514607.424948 243043.078037 1801.767883 87925.532852 302745.015203 525533.857308 24267.764916 5234232.326917 95328.876065 117809.870867 1588825.105603 9743.566626 163657.863254 107984.414823 56453.761079 257246.397339 6443.702318 74325.92427 26472.991941 5444.270322 360624.023116 176189.147976 287.372577 10266.811809 1349227.513635 213268.169904 259180.719379 53036.244921 390470.01208 159969.059719 17808.096661 1194052.36853 3121.563303 7075.782317 147450.589318 450947.46597 243540.129743 208078.177455 4686.144063 992.03416 19082.611668 42003.820572 10816.12353 6270.546975 991.838315 37737.971281 9074.739621 193926.727274 3739721.537228 5986520.20023 13456397.533787 7163400.470006 399008.623048 2777644.408388 28120.345186 52437.130307 425927.346091 4707096.844168 0.000301 0.112081 0.000301 6672675.149784 244294.853415 4463857.039828 1025704.626539 2817514.597052 3199349.781003 2356580.790689 25336.804671 67270.812124 83530211.651918 77209.474458 3390630.490002 0 2490322860.99362 0.464101 12.091629 61.545455 2.673289 1076.559908 1.384339
15841 424914.878939 1334141.447736 66736.587514 230976.588899 8185.039147 212525.705412 57608.706355 24228.548196 11582.509752 72229.393178 23317.113202 2957.931239 32474.893149 534416.798898 281101.843536 1905.849769 63471.269037 201335.840606 391435.64944 24755.837378 5358245.889501 101771.584717 122261.018711 1645520.793141 10105.96083 171697.654433 112390.993941 57692.108086 264102.623387 6574.711963 73023.127074 19487.648595 5591.931169 367976.975175 177366.891976 290.598448 11157.500466 1445492.971281 226255.480053 269521.488821 51613.135166 394371.676305 163515.338782 18320.468044 1224739.645421 3121.563303 7075.782317 147450.589318 440951.635932 249192.880426 212331.385636 4528.857066 992.039976 20999.151314 45933.339956 10849.369285 6290.29579 1050.057843 31404.301174 7516.431843 191118.140433 3740178.171557 5989941.814041 13454236.256917 7140631.288784 400385.217827 2792072.163826 22699.367151 42092.050758 439091.500393 4706303.995339 0.000301 0.113095 0.000301 6673881.529241 243680.220087 5546126.02085 1033978.232895 4036029.054153 3166437.553156 2469193.7075 39617.322148 63405.511929 83606525.416106 116282.761915 2645165.206772 0 2491148190.73931 0.497161 3.817969 67.5 2.667326 1189.472182 1.384169
15914 433242.372482 1437366.793908 60515.81519 188983.514794 6946.347801 225943.021104 62190.964432 24792.816411 10098.375386 64491.216821 23506.14566 2586.021702 27990.532811 501510.59992 247486.648595 1340.059211 71156.533239 231283.504963 439388.596607 25254.536403 5519955.616138 110419.433798 127345.605075 1347886.380388 7927.622913 179845.136158 91929.156001 50106.337807 216178.837838 5718.527173 74817.480473 21068.868578 5748.772097 308475.959425 164845.780763 261.356934 12122.692552 1569872.320197 240193.8298 280339.448234 55761.612273 345592.613525 139789.277071 15026.128195 1001052.20071 3180.167973 7254.299969 164764.785434 386150.238983 212196.90901 186487.590491 4528.453398 1006.401481 20773.109219 45608.70843 10849.105869 6289.7241 1113.171105 25588.411174 6090.578972 191966.455254 3741511.254173 5991371.280187 13454359.925019 7151343.742167 403277.928935 2819458.229704 18214.789563 36188.798795 444520.804011 4705080.27334 0.000301 0.114715 0.000301 6674533.709732 242888.69505 3236013.051157 918553.641521 4585827.878977 3220226.329133 3573064.886972 56734.947816 62518.84079 83758202.415746 167203.777095 3267092.255137 0 2501080972.30853 0.551222 4.098093 69.818182 2.669033 1210.63779 1.385381
15987 458523.20697 1238734.281696 59650.859977 211113.757099 7433.572658 201897.341493 66129.799219 23857.229522 9902.632069 62640.298831 24983.037452 2652.0166 26317.416033 483467.131551 227556.33386 1487.050308 80732.10896 262438.480992 483347.094943 20639.794664 5154488.216042 121411.103337 133443.039 1446788.027965 8574.153522 189398.027441 98435.441516 55033.621386 238681.739266 6005.074862 75977.880024 22897.764866 4907.48988 342420.711801 172631.599438 297.23848 13212.73786 1724129.807297 257461.927374 293148.288524 60458.296574 360770.314395 149533.124129 16391.148933 1075816.000859 3132.515737 6992.208648 147374.042862 403551.675993 223049.989984 191579.247275 4248.852819 1004.375847 20451.939983 45164.249527 10623.182973 6160.045331 1189.890651 20979.149385 4931.323102 193564.387111 3739817.898008 5973252.547223 13449719.854945 7178269.976553 407716.308753 2857900.787541 14859.530778 33028.612457 442539.247673 4702597.659242 0.000301 0.116166 0.000301 6674798.0142 241788.665597 4045704.205585 881410.784347 4508889.5631 3347805.808831 3965554.160481 61635.930198 67679.584491 83929029.586433 163067.910645 4211848.039842 0 2518379397.85826 0.452179 9.88027 65.5 2.67401 1181.472395 1.384146
16060 472520.58004 1178367.338074 64044.315862 218341.01326 7808.857 210946.174317 69406.909092 24653.241423 10524.411557 65991.262409 26440.315631 2772.408923 26317.416033 483467.131551 227556.33386 1614.600634 86814.868532 285286.733922 512106.882545 21826.798417 5108067.747633 129818.31506 139867.135036 1526114.499794 9072.510884 199100.339548 104417.527299 57528.924766 251095.376346 6233.081705 79432.258599 24779.186166 5230.358503 360394.737636 175163.400885 315.808358 14290.215679 1850894.677538 271792.480509 306068.430359 64595.919801 372832.37781 155676.877769 17265.435934 1124951.738361 3132.515737 6992.208648 147374.042862 417928.059425 233638.014439 201683.717696 4248.852819 1004.380717 20412.218 45110.890854 10623.064517 6160.042692 1254.596565 49464.807649 12120.739448 193851.433178 3741744.950063 5976543.711054 13450550.817434 7186482.627215 410733.657909 2884359.075157 38115.243976 93994.337983 455805.844271 4700825.127013 0.000301 0.114051 0.000301 6675559.975468 240834.953926 5240757.370565 1011625.138685 3542694.892481 3450350.550382 3038065.174657 35742.176423 68399.541085 84031860.160405 104694.246205 4099837.49207 0 2529636602.45475 0.435387 12.521861 60.136364 2.677798 1171.051685 1.38571
16133 472753.135316 1260822.670088 66786.081624 221088.587212 8102.729786 216416.290639 59531.762764 25334.680489 11010.354344 68781.059175 27737.277623 2859.500213 28850.479784 526685.514808 246885.970253 1741.847251 90064.271734 301562.832608 523840.866352 23557.554305 5252303.567231 95304.975898 119080.656528 1584754.638537 9531.887128 160831.840244 109706.255043 58556.348937 257042.369125 6443.161479 82449.450666 26427.375023 5460.235519 363635.921997 176456.802296 326.036934 10767.313709 1338177.749784 211401.965154 251877.252774 55010.065574 381890.564125 159067.799383 17792.112767 1154307.107585 3132.515737 6992.208648 147374.042862 428410.86429 241200.291754 205920.064703 4248.852819 1004.386795 20412.218 45110.890854 10623.064517 6160.042692 983.663581 39056.824002 9404.440075 191627.159263 3741596.136611 5977899.297154 13448229.321377 7160141.013529 411781.215717 2899759.013719 28470.393536 55538.59469 471480.844446 4700558.793325 0.000301 0.112567 0.000301 6676698.229646 240126.266659 4430496.695345 1038963.359603 2899633.203221 3393152.090772 2236651.380561 23902.489878 64665.803532 84096411.206283 75423.520379 3091064.920816 0 2531550130.75075 0.470569 12.188879 61.590909 2.683856 1163.124491 1.385511
16206 480321.019169 1341264.418495 69399.628106 227314.918849 8390.742345 223571.597794 62789.841957 24949.207776 11494.300415 71432.175001 24388.094428 2941.005053 32224.806071 544230.889107 282341.961657 1858.741401 64950.156617 201799.707514 392103.017903 24702.000477 5391115.699361 102232.195255 123074.116481 1645789.13593 9942.295694 167632.649618 114697.107466 60008.01517 265017.149067 6611.537725 81795.623975 19508.102528 5618.893706 372886.62911 177671.652949 336.867434 11711.96278 1438860.233765 225073.617854 261356.199237 53089.140226 386552.231026 162997.32718 18382.3977 1187417.583673 3132.515737 6992.208648 147374.042862 420013.923289 247937.491587 210531.510899 4107.46108 1004.392608 22444.206738 49302.668138 10655.25164 6179.172435 1043.742591 31943.846195 7656.764173 189919.573588 3743059.893128 5984969.143365 13447386.652211 7137783.27024 412608.935069 2916060.940498 22397.401068 42610.117927 488813.838734 4699909.27296 0.000301 0.113242 0.000301 6677651.897147 239487.600113 6246055.29186 1107439.816748 4251327.227902 3319149.397343 2532440.326327 41179.815441 60735.303319 84180508.248116 124789.655268 2603546.399614 0 2533299083.94954 0.504524 3.86329 67.590909 2.678865 1282.430821 1.386325
16279 497395.338595 1455775.355789 63206.189539 186759.76585 7315.588277 238660.552842 68044.211051 25579.638183 10085.003621 64129.361768 24483.089998 2580.54614 27547.89519 509134.48958 246960.516571 1315.440638 72984.548359 232727.993369 441913.786431 25917.044359 5555786.425327 111223.94455 128073.729491 1358613.46484 7892.142182 174679.410315 94593.448417 52109.957235 218043.684768 5811.976094 83660.288452 21174.822092 5783.538524 313289.115835 165297.282518 305.002376 12751.62024 1567983.174202 239813.096052 271410.338877 57512.968294 340810.264957 139420.336317 15104.59907 969804.261338 3190.726963 7151.243306 165314.902011 370040.363686 212270.866791 185487.576348 4107.177477 1019.646912 22197.7289 48950.385166 10654.979209 6178.582845 1109.196345 25726.502972 6129.351642 190650.826517 3743437.466541 5982664.202354 13446264.438062 7144412.444167 415021.548122 2945826.993552 17540.891387 35864.460668 496795.062331 4698567.651946 0.000301 0.115255 0.000301 6678008.773834 238667.982394 3154410.43874 876683.481848 4361101.572132 3343381.004686 3584582.596806 57269.291653 60271.78998 84334122.331096 166362.13782 3260595.258914 0 2543478963.85834 0.556966 4.155217 69.727273 2.680925 1300.922259 1.386593
16352 555313.431525 1260161.981419 61448.479016 209132.074282 7997.480558 213101.739139 72621.765872 24768.49949 9899.718913 62379.945622 26045.995588 2647.0975 25853.16104 490257.406191 226471.053501 1464.965303 82508.757719 263421.262218 496391.586629 21645.666841 5185091.474719 122224.546469 134065.706785 1464250.0469 8555.53132 182921.038675 101599.204348 56981.180445 240205.38407 6130.477106 85078.76343 23055.148049 4946.6871 346559.511689 172990.15965 349.149397 13939.516787 1721617.523016 257327.00942 283367.483918 62417.694537 356002.042438 148700.714091 16424.904506 1038845.462425 3142.380796 6880.137904 147628.323663 387391.998345 223549.710992 190647.664442 3830.463697 1017.589752 21855.812207 48477.984139 10424.807406 6046.428264 1185.686547 20983.249143 4933.099408 194029.801304 3743561.69019 6004751.792961 13451447.698613 7183905.995662 418713.369086 2985590.615082 14021.259579 32356.799611 505452.961808 4695592.113123 0.000301 0.115691 0.000301 6677959.711373 237570.506424 4937207.447544 952604.869022 4970362.477977 3371752.461808 3735005.441779 56340.629634 68773.433471 84503912.660546 160144.934753 4397711.861553 0 2561758993.71138 0.459728 9.965731 65.590909 2.684753 1270.306505 1.389439
16425 581228.154441 1207660.554153 66138.191193 216458.895268 8593.119039 221903.683972 76608.375651 25674.274168 10583.532768 65863.425125 27638.378099 2772.766271 25853.16104 490257.406191 226471.053501 1620.554123 88639.413346 286278.462661 524360.433176 23870.578234 5139294.985196 130968.602357 140560.002713 1552619.661592 9134.230634 191357.615105 108443.139047 59356.078613 252694.016338 6452.092807 89336.638657 25058.440023 5276.385202 363363.978004 175555.177029 373.666646 15132.14747 1849182.326208 272200.882435 295834.234057 66952.893631 368626.327029 154497.04483 17253.688306 1082782.539774 3142.380796 6880.137904 147628.323663 402196.70723 235197.600203 200859.829995 3830.463697 1017.594545 21814.643424 48422.841031 10424.692337 6046.425684 1250.964227 48773.020638 11942.299557 193992.73919 3745055.749738 6005157.905989 13450742.292118 7192696.905902 421171.610191 3012084.109242 36858.698084 90265.437798 519151.29683 4693406.692288 0.000301 0.113836 0.000301 6678594.684698 236645.047877 5023605.130124 997856.932423 3761515.810339 3414556.517859 2925303.271641 35319.416802 68606.065832 84606628.254605 100865.524028 4104579.291499 0 2572182272.36418 0.442654 12.662843 60.136364 2.69031 1258.048924 1.389941
16498 579962.235374 1288215.86801 68986.070979 218738.746808 8898.610477 227588.037643 65459.601623 26428.031473 11110.883547 68686.331011 28949.981626 2862.542867 28381.871936 533619.553032 241509.944905 1758.264808 92102.567051 302947.808476 534991.45389 26846.470905 5289494.360279 96389.845154 119582.403469 1615837.785836 9637.000848 155868.738545 114113.114361 60266.530778 258254.109766 6701.647994 92808.744565 26762.279505 5501.760712 365641.76871 176843.461246 387.304922 11178.223272 1337214.259795 212102.608982 242851.846525 56925.280995 377777.910291 157702.532079 17767.732753 1110234.829536 3142.380796 6880.137904 147628.323663 412125.383373 243040.166775 205552.73728 3830.463697 1017.600608 21814.643424 48422.841031 10424.692337 6046.425684 980.426697 38417.259486 9235.417114 191183.353597 3744540.739047 6003529.598885 13447032.462428 7162970.670664 422133.749498 3027436.784294 26911.453141 53656.826584 536164.770232 4692742.091247 0.000301 0.112673 0.000301 6679548.825293 235963.823342 4494619.378417 1027897.047439 2899534.717943 3334988.296087 2152801.560919 24388.392215 64692.548483 84669141.632248 74493.407476 3027950.032285 0 2573575343.82815 0.477743 12.369343 61.636364 2.697862 1249.46984 1.38923
16571 586118.97037 1363225.122856 71607.557974 223972.758977 9175.317664 234464.855223 68343.163904 26067.184723 11607.576976 71306.079784 25333.915687 2943.666325 31571.017565 550076.366369 275593.835117 1879.888534 66303.255666 202336.956464 397673.495194 29100.488851 5421013.849865 103279.625262 122950.744197 1679486.907054 10064.644513 163505.868923 119237.856255 61520.937573 265387.110366 6873.703295 92093.744886 19636.936419 5652.856805 373746.581365 178008.709086 401.45047 11945.975324 1436239.732356 225605.867128 251271.27427 54794.650476 382040.382496 161319.209525 18328.261415 1140381.566696 3142.380796 6880.137904 147628.323663 403901.361607 249649.832281 210529.213425 3692.118383 1017.606501 23974.884944 52902.119788 10455.925407 6064.994256 1039.726559 31609.777787 7560.317074 188411.176501 3743897.847116 6003104.377346 13440820.385699 7134929.879254 422745.517944 3042950.709993 20966.264308 41663.968012 553541.617359 4691654.671908 0.000301 0.11367 0.000301 6680322.424561 235357.885676 5144722.516903 1033706.469909 4031938.16633 3270979.374561 2408808.720493 41639.053718 60671.894604 84741100.642755 117853.281668 2459758.477792 0 2574305902.51302 0.51063 3.939228 67.5 2.69208 1376.471404 1.388222
16644 593444.078741 1471093.028927 65155.927134 183669.587619 7972.04348 249974.316311 74019.297548 26761.2455 10165.854795 63862.155419 25283.83668 2581.461794 26755.51148 512391.84622 240795.684088 1342.356749 74498.931414 233479.966417 445081.605654 31592.028253 5588821.710009 112375.492617 127652.873914 1377854.007867 7956.108565 171370.268567 98059.491063 53311.355549 218293.452303 5998.493004 93982.194128 21322.842292 5813.678212 314223.217737 165481.430119 363.796882 12794.956706 1565419.133769 240341.875796 260141.586511 59279.061856 336214.784701 138493.27766 15144.352986 936154.361068 3200.321525 7033.61064 165523.88372 354285.467846 213683.36731 185877.01058 3691.925603 1033.622551 23720.585331 52538.382513 10455.661084 6064.409824 1104.999734 25470.975481 6055.638422 189089.695059 3741376.15852 5997296.736521 13436382.791751 7119797.531588 425166.442872 3072296.255291 16269.97799 35112.809848 560453.538456 4689918.531168 0.000301 0.115443 0.000301 6680500.760464 234542.679446 4018580.175184 951676.19122 4814073.849628 3274753.459789 3366497.583922 53506.072515 57436.082981 84882336.422373 161781.845321 2940098.941128 0 2582087269.46893 0.562583 4.240555 69.772727 2.694171 1394.116168 1.387975
16717 659244.650443 1273315.160678 62972.837768 205446.149329 8684.099568 223568.233528 79268.942785 26046.840137 10017.958293 62214.260186 26847.437447 2652.531211 24990.612797 491428.68067 219714.846262 1510.589793 84520.736285 264616.45904 494681.057487 27209.078683 5236858.311646 123780.161754 133657.689583 1488977.223062 8660.950157 180782.854434 105531.743311 58239.66988 240551.697092 6338.546738 95566.932669 23288.222294 4978.408319 347598.912085 173291.269421 419.580086 13776.644511 1721699.889745 258191.457752 271438.57795 64491.540465 351669.088646 147930.950729 16493.924495 1003954.753685 3151.365214 6764.322865 147970.685981 371523.132239 225582.92763 191747.536981 3414.935952 1031.530941 23353.718464 52032.729504 10221.720859 5930.051595 1182.484896 20710.314312 4857.302791 191551.13116 3745003.740195 5994946.818906 13437408.952188 7165139.988433 429225.010061 3113911.084277 13005.144733 31563.986844 570399.021301 4686725.744063 0.000301 0.116275 0.000301 6680083.300764 233463.70781 5386874.625885 1001598.791577 5304633.640852 3360310.188921 4126815.57106 65653.538039 69901.643321 85052422.276083 178973.638451 4413184.810302 0 2602620698.81906 0.466212 10.140037 65.545455 2.696675 1360.780578 1.388723
16790 688703.630233 1222774.912065 68142.598228 212489.74745 9349.409829 232635.557183 84056.291333 27111.272496 10775.551199 66013.430698 28591.948692 2788.46258 24990.612797 491428.68067 219714.846262 1695.730964 91216.881879 288916.119399 527508.604639 31637.670742 5239474.52353 133195.012068 140791.280492 1587230.200154 9316.366185 191145.79974 113248.50267 60682.547525 253086.370627 6711.605958 100677.867158 25460.986761 5324.590904 365150.800361 175980.158821 454.116306 14853.986716 1858473.949091 274342.524771 284505.814487 69549.089033 365088.84113 153887.841949 17383.185373 1049259.303473 3151.365214 6764.322865 147970.685981 387151.569246 238350.916771 203247.601518 3414.935952 1031.535605 23310.827988 51975.361565 10221.605291 5930.048993 1252.309301 47950.122846 11734.026158 191865.445513 3749828.030863 6006041.733844 13440418.845497 7186939.29471 432087.267682 3142639.903799 35314.121758 84680.377391 593616.704487 4684527.379394 0.000301 0.114053 0.000301 6680562.035892 232533.854738 5442424.919937 1074669.037044 4206242.724674 3435756.734348 3193109.103356 43791.465573 72067.308075 85159081.97906 128498.973849 4447426.878763 0 2616071239.42562 0.450023 12.928496 60.227273 2.697996 1346.574691 1.390944
16863 690934.577483 1313101.283095 71088.061931 213290.793359 9720.840553 238049.191602 71812.450357 27988.211737 11293.680651 69079.217133 30029.832354 2879.216509 27416.946241 534205.401155 231145.808234 1836.645837 94605.849233 305065.812331 539468.132733 36060.773694 5396347.547057 97307.888703 120284.848722 1653227.592901 9809.924186 156041.033098 119152.442269 61335.065919 257603.360746 6940.851978 104657.493138 27184.103599 5544.651857 368409.552142 177770.266157 473.155203 10991.887203 1344653.458151 214927.107353 234068.343843 59183.182971 374485.294685 156882.984423 17870.76271 1074612.987776 3151.365214 6764.322865 147970.685981 397383.708565 246267.946274 208276.511381 3414.935952 1031.541593 23310.827988 51975.361565 10221.605291 5930.048993 981.220929 37900.221018 9111.912334 189150.554392 3750001.881835 6009084.084199 13438124.650121 7162693.959865 430910.955118 3164598.00397 25166.382236 50947.869002 618187.38983 4683976.59719 0.000301 0.112862 0.000301 6681374.375523 231879.966612 4970657.475127 1076494.466397 3065743.404953 3371730.292432 2235427.3849 25494.900267 68262.609961 85224178.782967 72537.748709 3281657.181281 0 2618123224.95708 0.486008 12.677149 61.590909 2.703306 1337.795993 1.390834
16936 702108.449835 1400084.998987 73749.33259 217717.438841 10070.252517 244723.962463 74416.489133 27657.131777 11769.052609 71885.771456 26247.16139 2960.478444 30744.347184 550885.771103 262556.107051 1956.231222 67843.414656 202352.263114 400906.26226 39606.514778 5536666.547505 104339.33337 124060.589053 1719696.081279 10207.304913 164034.28361 124418.818387 62292.426657 263693.223587 7075.699277 103324.137024 19961.329196 5693.891255 377391.79126 179470.122669 493.49051 11820.593772 1445676.15072 229637.985819 242467.142235 56654.436446 378941.401256 160353.796192 18418.029667 1103205.740071 3151.365214 6764.322865 147970.685981 390593.052538 252869.04381 213435.727643 3267.377265 1031.547293 25599.119144 56749.665048 10251.966343 5948.109763 1041.364676 31147.175284 7450.621835 186603.380447 3749867.527492 6007572.184649 13435016.93012 7137314.464444 429363.719223 3187190.476864 19347.571206 40104.253132 640045.112021 4682755.670384 0.000301 0.114111 0.000301 6681913.438272 231291.933909 5375676.799796 1058098.264143 4182523.726696 3310410.388511 2588619.41049 41938.65401 64225.201543 85305415.160076 123680.648585 2637618.52904 0 2619181924.69222 0.518914 4.079947 67.454545 2.704663 1472.901762 1.390144
17009 707235.33657 1527574.313182 67229.552973 179940.622443 8804.848564 261566.36283 81088.807032 28508.232217 10299.673074 64396.653018 26234.464136 2595.679027 26116.819758 514269.210929 228928.64386 1373.865634 76611.425395 234015.760875 450296.715177 43980.218125 5713341.110292 114054.838527 129766.692141 1400898.529827 8039.553019 172623.560449 102354.961976 53970.580972 216923.612596 6155.305987 105524.750597 21784.191966 5861.043082 319068.665442 167241.162927 445.965827 12772.499663 1583024.933123 246492.996921 251751.536921 61602.542782 333594.774244 137649.882955 15213.37098 904570.79151 3208.593035 6906.74323 166505.705319 341543.051148 216334.671084 188305.851541 3267.231788 1048.217424 25309.618634 56336.532392 10251.679481 5947.497474 1110.537498 24775.243721 5881.11178 186859.169278 3748644.519206 5993835.212691 13430523.827517 7127203.488918 429638.689103 3227697.137294 14674.864676 33723.024613 645166.61053 4680493.958912 0.000301 0.116935 0.000301 6681637.389007 230432.017053 3714314.264589 928075.95209 5138621.143107 3289220.433262 3655587.630405 61978.931513 60379.897911 85462347.6307 176815.891992 3225068.041352 0 2628926942.58782 0.572334 4.393398 69.727273 2.709727 1491.146635 1.388956
17082 707847.570397 1326058.741 64582.710571 200711.356993 9545.74105 233907.443729 87120.88172 27936.85621 10149.759128 62917.289941 27951.204431 2668.707436 24383.694736 493512.073492 208596.315649 1544.341998 86980.90415 265587.302629 501065.291462 38227.523625 5334606.475903 125741.851651 136393.525364 1513540.186822 8745.025863 182396.290437 110271.859841 58868.008165 238522.506335 6489.279957 107476.686561 23823.085728 5019.262367 354661.504615 175777.500104 520.072994 13836.647152 1745660.074048 266308.593876 262655.202298 67078.087996 349514.163597 147122.790885 16612.527838 972633.731989 3159.20296 6638.269881 148392.248008 358375.061811 228147.171687 194437.947051 2990.571088 1046.091794 24918.557815 55796.638325 10014.468944 5811.23286 1191.009664 20194.218353 4721.414657 189694.07165 3747116.517872 5988293.463844 13427675.360852 7164444.487465 431463.005393 3278912.352465 11620.896625 30314.017283 658785.9005 4676401.487978 0.000301 0.118061 0.000301 6680965.792943 229407.01518 5636102.438881 1020854.746892 5688065.864152 3396251.917964 4354630.515646 71350.142308 72681.221418 85624756.808388 197178.761114 4618401.572879 0 2650241931.96132 0.472267 10.273228 65.5 2.711717 1456.16406 1.389407
17155 738435.004336 1263431.819364 69585.157113 206219.173837 10264.167241 241775.19985 92251.444014 29075.272256 10851.981439 66557.513192 29656.533674 2797.384381 24383.694736 493512.073492 208596.315649 1702.850168 93395.226243 288632.206571 534352.273239 44365.781424 5325744.572413 134879.111972 143330.27728 1604859.125747 9333.85361 192179.514171 117736.275395 60955.969091 249543.932903 6794.808064 113334.613612 25918.98895 5351.536122 372318.845473 178816.008185 563.739001 14892.655493 1877486.99495 282909.542747 273691.37009 71975.909282 362248.746186 152742.864396 17458.190199 1014490.472478 3159.20296 6638.269881 148392.248008 372072.715093 239874.498233 205471.83343 2990.571088 1046.09636 24871.473309 55733.565455 10014.352497 5811.230243 1258.243862 48518.638132 11855.490347 190266.278761 3751701.950741 6005242.1854 13431846.908697 7188318.481069 431598.703663 3313985.327946 34789.426964 87387.670702 689979.374278 4673657.914383 0.000301 0.11542 0.000301 6681195.582693 228596.198758 5623294.37232 1056042.630711 4014082.55248 3445196.352191 3080886.033055 39714.619654 75632.314019 85723016.622504 115753.77629 4536060.703638 0 2663618761.70853 0.456218 13.05469 60.318182 2.712811 1443.356072 1.392252
17228 746234.333665 1352756.700703 72309.89587 207360.718306 10669.711764 246512.236055 78323.146214 29999.502684 11338.89441 69554.286504 31147.326448 2884.472362 26870.238111 535957.802168 217332.283268 1830.221969 96439.955139 304169.165886 545094.506787 49806.407854 5487212.513764 98362.177505 122244.207117 1667984.790158 9792.951686 155668.549173 123612.99798 62052.822379 253825.482607 7001.056882 118147.856981 27605.277645 5575.447996 374829.779179 180173.864878 582.363905 10919.650586 1355829.066838 220610.995004 226185.534629 61137.545753 369979.144532 155685.46244 17930.084527 1037896.141586 3159.20296 6638.269881 148392.248008 381525.783847 247455.002304 210047.694812 2990.571088 1046.10235 24871.473309 55733.565455 10014.352497 5811.230243 983.771637 38448.924404 9234.086056 187228.833406 3752654.313779 6007260.772579 13429651.968381 7163869.368909 428995.347426 3328223.224759 23899.085771 51776.692966 722511.351292 4672865.566422 0.000301 0.114023 0.000301 6681916.058018 228029.811636 4718355.584733 1050039.373222 2971185.769429 3347408.154406 2255299.443711 27306.013078 71714.996227 85785748.432942 79936.743947 3293343.445445 0 2665264895.02087 0.493773 12.861234 61.545455 2.717156 1435.421079 1.392
17301 762780.746732 1438051.635104 74828.646921 211888.925632 11076.567559 253384.926782 80027.693138 29611.369954 11813.129273 72325.742415 27200.708238 2965.404164 30437.69903 554430.271009 247470.867557 1944.991635 69142.551597 202673.972123 405278.4881 54505.403624 5633879.386929 105177.100774 126081.292501 1733023.104304 10190.930776 162921.085328 129094.836853 63630.653456 260119.387091 7144.437679 115558.422044 20353.772388 5728.059978 384308.90925 181407.604328 606.109651 11765.770326 1459538.177214 235088.093111 236130.889382 58044.877325 373307.197507 159381.100006 18522.245647 1067473.706691 3159.20296 6638.269881 148392.248008 375129.577645 254239.411099 215080.165191 2846.198972 1046.108246 27305.479041 60835.699896 10043.935318 5828.83304 1045.314844 31427.980082 7509.003182 184733.442101 3754189.891995 6006549.930781 13428077.560027 7137124.319682 426058.790659 3344447.124259 17942.510829 39960.71396 747304.996307 4671607.782454 0.000301 0.114801 0.000301 6682401.614453 227473.424952 4090722.562281 935365.596006 3404245.312652 3258758.854264 2412551.846359 37343.141112 67345.626149 85871434.65953 106319.72563 2656807.39065 0 2666347093.78992 0.526171 4.177475 67.5 2.720023 1579.904566 1.391588
17374 765679.799676 1559280.45184 67857.244998 177038.946724 9696.509888 271021.847354 86868.80325 30482.362516 10343.45774 64591.304086 27089.17832 2601.518158 25829.773371 520217.326673 217460.806188 1362.218941 77893.179853 235357.214195 452643.424835 60016.237685 5797794.533657 114760.326717 131897.623594 1420947.00819 8043.524514 170361.973299 106156.577403 55718.858205 214696.045211 6238.159637 117936.749284 22193.025411 5893.241904 324769.496562 168375.842399 542.46695 12706.560373 1597594.260403 251405.301166 246499.587232 62827.322447 327738.576151 137215.112463 15353.787893 876415.132156 3216.213818 6786.841993 166854.580116 328065.294474 217970.399672 189380.51824 2846.096141 1063.348174 27024.170364 60432.479749 10043.668196 5828.234176 1114.545486 24964.801475 5923.206248 184900.022687 3749986.25564 5985814.806491 13420140.787455 7111089.448842 424962.665349 3379207.171352 13635.052509 33294.800072 741932.550873 4669257.562302 0.000301 0.117641 0.000301 6681870.952501 226693.80445 2880499.647546 837279.255079 4116852.099051 3193152.991143 3074123.047235 46938.615345 62178.020667 86028255.918078 136907.721754 2951491.002867 0 2673555060.2531 0.577028 4.483576 69.772727 2.726849 1598.685135 1.389433
17447 714228.959588 1351595.537863 65407.212492 198113.847802 10432.810605 242390.470581 93100.485299 29870.340638 10179.304045 63012.395845 28837.300712 2672.916926 24143.666727 501564.842484 199505.619165 1518.574137 88215.16235 267263.906399 507293.7071 51533.421197 5423568.278677 126273.645989 138741.355234 1532571.319406 8737.580333 179091.646713 114165.712692 61353.256562 236306.979231 6573.478292 120132.055064 24262.803384 5051.868165 360242.228381 176521.634431 627.678367 13772.95119 1760041.489299 270586.284713 258707.288335 68158.893059 342127.279695 146878.059672 16777.365736 943011.728037 3166.831759 6531.120015 148625.504154 343962.044252 229945.549722 195126.336617 2571.38639 1061.188299 26617.900172 59869.763695 9803.7176 5690.368481 1194.786385 20347.089344 4756.626003 188919.142585 3752136.585206 5993042.370673 13422341.082706 7148651.424551 425420.135286 3424789.443452 10830.10276 29640.067974 752763.937708 4664990.203228 0.000301 0.118136 0.000301 6680844.760081 225742.350687 5220909.614857 989143.46813 5764368.768853 3221751.239057 4200048.856548 68000.58855 72190.757437 86196093.087786 197238.533964 4525325.306093 0 2694387543.41816 0.476376 10.385276 65.545455 2.729773 1563.634767 1.392201
17520 752714.872505 1294736.021094 70405.756544 205031.058592 11284.559036 250627.773821 98708.778183 31087.757679 10906.67465 66702.934221 30638.11675 2804.717936 24143.666727 501564.842484 199505.619165 1685.616304 94881.415024 291179.170638 543590.037961 56608.259368 5443419.464454 135498.203717 146394.935653 1628360.205178 9342.029955 188264.103679 122065.872818 64183.628764 248037.256357 6925.200671 126819.275053 26502.539028 5396.259703 378399.535214 179278.64976 678.848259 14860.112581 1897041.665949 287126.585139 271785.20132 73228.138788 354177.462872 152876.637457 17672.164555 985428.913353 3166.831759 6531.120015 148625.504154 357996.380475 242424.164018 206087.264887 2571.38639 1061.192567 26568.52976 59803.509114 9803.597627 5690.365785 1264.130147 47783.268242 11685.144657 190041.306346 3760188.562053 6013967.137561 13429488.824295 7195520.505995 424505.85639 3455763.344548 33880.254421 83825.491845 780326.03493 4661892.318875 0.000301 0.115532 0.000301 6680737.844383 224965.241871 4517153.946095 956406.101459 3898146.170623 3288550.741226 3231232.778841 41964.144489 78162.285738 86306645.290745 122744.093483 4856677.17091 0 2711285851.95946 0.462227 13.295031 60.409091 2.732002 1550.152722 1.396005
17593 762194.665724 1398103.098327 73589.968485 208811.793163 11781.452508 257751.963621 84218.951964 32111.596525 11478.936951 69863.289414 32245.294419 2903.532258 26880.755885 544501.620217 207149.695577 1837.989639 98822.321486 309300.656871 559546.9821 63827.782532 5621103.906136 99817.796099 126932.277988 1699703.209416 9875.481524 153958.025656 128944.093422 65064.026903 253675.787756 7247.120612 131953.862109 28540.381455 5633.78795 382110.909049 180872.875674 716.069518 10932.552382 1378239.875753 224883.748711 227428.746851 62742.606182 363112.403746 156529.572472 18277.571766 1014397.449182 3166.831759 6531.120015 148625.504154 368817.356642 251529.424181 210892.785421 2571.38639 1061.198164 26568.52976 59803.509114 9803.597627 5690.365785 991.864371 36369.074702 8698.743726 188327.925336 3762196.802256 6022901.045014 13430209.152052 7178217.966597 421912.773394 3477255.918352 22285.020495 47893.985396 802524.640199 4660698.670343 0.000301 0.113863 0.000301 6681161.675888 224348.360483 4725060.900679 1036086.504463 3294318.015142 3192786.778399 2418800.697139 27820.722415 73880.192514 86387711.848223 91125.523298 3751339.695666 0 2715440710.16761 0.499335 13.098578 61.5 2.740408 1540.660186 1.396966
17666 779865.416789 1497384.871603 76578.174369 216348.808281 12263.896035 266914.624521 85734.508589 31647.805827 12049.732545 72837.941879 28198.519195 2995.549761 29752.639407 559028.617953 232638.868304 1971.676254 71488.888064 207037.500109 416312.469456 70197.732071 5777096.433793 107817.030288 132473.283019 1773244.484374 10347.599183 162364.034953 135410.522314 66499.045956 261665.509575 7499.996251 126962.551641 21336.018538 5789.527841 392608.542257 182347.559385 754.892164 11873.249647 1492006.975011 240589.782792 240258.551296 59663.584581 367799.633589 160798.023284 18945.23106 1046641.099287 3166.831759 6531.120015 148625.504154 364591.00757 259589.417123 216083.044043 2433.531602 1061.203589 29143.422417 65237.27112 9832.460822 5707.556121 1058.06481 29198.730541 6934.130189 186424.637677 3762440.581193 6024235.528775 13426508.526897 7156446.814943 418991.77233 3499421.763204 16371.466608 37398.206375 818164.616411 4658720.388647 0.000301 0.115147 0.000301 6681336.567891 223787.655385 5550976.751206 1049330.901968 4483154.893412 3107519.405607 2593183.505528 43134.474443 69397.777362 86483781.576906 124685.911024 3062739.815714 0 2718169480.49258 0.528925 4.250621 67.454545 2.732947 1692.742144 1.396718
17739 785528.738834 1635701.926379 69810.253886 182039.860096 10719.858402 286909.30804 93499.933852 32618.830656 10582.477973 65221.147749 28123.344613 2632.656804 24985.428607 518782.732671 201712.325498 1390.688537 81256.861931 241570.679487 468715.387252 77353.785485 5965461.891423 118522.942851 140461.086165 1464501.73695 8203.093202 171170.482507 111649.71176 57750.874011 216718.491565 6612.307325 129287.919686 23449.036962 5956.606166 331362.611704 169373.34357 673.979323 12923.382937 1640484.872972 258081.051508 254113.625355 65083.986719 322095.366565 138078.595692 15633.925058 852823.045019 3222.200247 6654.933118 168696.083178 319434.564782 222894.193589 190109.825826 2433.454006 1078.945677 28819.626132 64774.66005 9832.171745 5706.915715 1132.041086 23194.382175 5458.321015 187763.960118 3759749.801029 6009671.676462 13421689.213419 7148933.672824 417943.85895 3540176.23686 12415.856795 31736.537744 803715.163171 4655150.364965 0.000301 0.11778 0.000301 6680506.773094 223030.934582 3461220.234105 888190.42705 5031689.896911 3106868.097809 3584268.209579 59566.870293 65424.293924 86647874.021137 168685.292061 3549207.733078 0 2728843273.06958 0.578608 4.572585 69.772727 2.739829 1708.764625 1.395374
17812 699587.640929 1420702.713498 68242.234975 206640.90347 11474.066469 256894.951457 100716.162071 31978.507214 10459.093502 63961.961347 30003.952306 2712.470394 23401.205153 498364.929815 184031.029043 1559.011998 92727.289666 275524.011273 518256.856207 65971.053245 5545124.561042 131050.054447 149478.995873 1585053.597471 8921.195463 181276.389066 120454.842752 63505.498718 240476.0849 7006.85988 131427.493853 25744.164221 5105.486996 368124.565748 178110.203928 786.567248 14096.968229 1813867.831926 278399.090526 269738.135958 70910.151856 337370.934685 148429.637916 17148.95812 921323.41506 3171.978633 6389.062725 150141.449997 336889.394309 235640.797297 196092.784176 2168.005798 1076.750897 28369.062926 64150.83894 9589.965266 5567.709057 1216.992244 19024.440099 4405.867906 189354.755062 3755119.100669 5976344.765295 13412749.487531 7172749.886922 418239.992669 3593706.052798 9972.410863 28496.404675 789160.454474 4649061.474443 0.000301 0.119786 0.000301 6679016.827321 222114.179777 3056592.338126 780943.899797 4251795.582982 3226127.038984 4003853.16901 63352.083986 74735.068224 86806727.925692 162091.948412 4743239.648144 0 2750241941.95942 0.475094 10.398902 65.545455 2.748331 1670.209298 1.391855
17885 739834.074408 1361596.696603 73799.293722 214247.25678 12343.127722 265130.722292 106908.235437 33292.246938 11203.257249 67936.800043 31961.632658 2845.051769 23401.205153 498364.929815 184031.029043 1735.100388 99581.546845 299354.814391 554591.400427 62543.051491 5591433.098093 140393.267449 159318.271473 1685684.89423 9533.659852 191902.198562 128890.893012 65841.639931 251997.478216 7405.870416 138623.508878 28127.10514 5459.5686 385540.135073 181095.642146 850.321844 15309.157645 1954949.566583 295291.916173 286520.310717 76193.666557 349311.99755 154196.732847 18018.797433 961186.746703 3171.978633 6389.062725 150141.449997 352030.515689 248186.027353 206798.059707 2168.005798 1076.754997 28314.728395 64077.883859 9589.838268 5567.706197 1288.312208 47350.575734 11559.61417 190274.114508 3759018.139401 5992707.1281 13416739.69709 7192470.535919 416685.49085 3627164.558503 32776.0373 81825.67507 815883.463214 4644634.430227 0.000301 0.116889 0.000301 6678844.266945 221379.777634 4169992.299682 896354.788828 3871976.009752 3325008.279042 3160526.149779 41586.349438 76494.966985 86898596.673407 117839.670798 4732752.999437 0 2764787762.88847 0.463128 13.430332 60.181818 2.750808 1655.854439 1.394959
17958 747649.26784 1461268.577828 77250.354304 217469.926939 12816.015394 271290.558157 90507.659216 34416.201928 11729.902028 71096.076416 33640.53992 2937.075681 25873.773595 540235.612812 190448.501066 1867.898374 103186.809372 315953.810812 567179.039087 69916.729765 5770874.180153 102007.307343 137633.776392 1753883.499414 10015.79207 155671.854662 135651.036533 66778.377245 256370.984209 7676.719867 143975.979584 30102.671896 5687.093684 388678.577217 182692.683737 889.984549 11191.523801 1409199.370488 229294.3287 237797.917346 64770.931298 357985.830227 157532.964335 18563.533858 986480.244386 3171.978633 6389.062725 150141.449997 362228.593215 256362.409329 211411.628161 2168.005798 1076.760646 28314.728395 64077.883859 9589.838268 5567.706197 1003.943182 36616.103635 8760.324413 189649.497932 3760030.971923 5998559.173604 13414818.30952 7170262.330089 413226.520278 3649501.053875 21469.13146 47481.78614 841120.5583 4642654.899025 0.000301 0.115001 0.000301 6679240.735611 220840.617931 4350620.583949 1022372.178455 2934365.893822 3242003.381927 2397066.3946 26877.330476 72658.742249 86961230.061041 80607.119594 3589700.537788 0 2768056615.56014 0.501902 13.246764 61.590909 2.753413 1647.581406 1.39588
18031 763520.108862 1550621.774464 80339.526454 223407.546906 13224.614209 278248.015196 90792.308015 33770.305227 12215.494847 73912.712674 29283.716863 3016.688893 29443.854055 557853.745521 214901.723441 1984.944559 73637.333977 208226.098029 420840.651878 75961.988892 5924210.309519 108897.136356 142707.811282 1820508.767969 10414.609808 162849.397842 141591.287866 67917.204496 261712.832107 7872.066887 136165.685324 22392.578632 5830.019767 396834.41168 184105.749151 926.270695 12125.285273 1511821.890057 243355.759336 250022.300716 60938.121951 361925.903006 160956.227933 19102.482628 1011665.668445 3171.978633 6389.062725 150141.449997 357335.918009 262928.945171 215940.203705 2035.284731 1076.766376 31058.284004 69890.473599 9618.077718 5584.527013 1064.829571 30077.351701 7151.561349 188762.688751 3760132.118194 5998599.850792 13411570.088967 7138990.065714 409230.748769 3670294.426406 16005.547985 37566.357671 854165.344097 4640234.522823 0.000301 0.115787 0.000301 6679428.851012 220359.83701 4468416.852514 925665.949536 4068294.837706 3133186.925512 2539292.843738 36602.836686 68294.69202 87031662.511758 115566.440017 2801557.735928 0 2768900593.85994 0.531722 4.301632 67.409091 2.758577 1811.207372 1.395747
18104 771362.922206 1677482.711426 73032.515953 185654.711642 11444.444423 295938.775734 98290.91213 34784.280364 10675.265078 65756.630262 29037.041922 2640.867981 24881.587447 520119.500095 188053.247772 1395.604355 82592.284281 238953.962713 473974.834633 83119.943989 6117160.168329 118499.441096 150866.825792 1486921.117302 8232.473257 170194.268512 116290.541355 58450.162764 213272.902606 6948.727367 138480.153098 24417.732577 5987.161018 332493.564112 170717.310324 810.753414 13130.686208 1647805.908045 259037.353794 262949.052844 66116.747003 316069.736068 137205.839469 15643.642899 820319.82729 3228.953196 6544.021378 168462.209097 311073.824286 224624.497424 189332.808476 2035.241929 1094.96117 30749.893457 69449.264524 9617.820427 5583.987329 1132.789953 24300.889114 5732.534733 191451.446538 3763742.297451 5998529.736037 13411261.281542 7153630.303721 407183.844572 3710988.764645 12336.404543 31817.744101 851729.421095 4636294.529326 0.000301 0.117168 0.000301 6678506.336344 219694.844395 3381800.009969 883644.49748 4696631.412821 3054733.860279 3415295.90493 54240.81522 70442.474899 87183182.69267 159469.88524 3663647.441826 0 2781346812.38328 0.585589 4.628929 69.727273 2.763395 1828.709939 1.396614
18177 675775.710943 1447623.674232 71954.368238 208523.986198 12110.574859 263873.51832 105438.530283 34110.928882 10507.921987 64392.936458 31004.673335 2713.107619 23296.2026 500070.695252 172546.742726 1568.265168 93256.703193 269431.331554 521785.729071 71152.894364 5681706.303603 130121.178142 160584.991061 1599853.897947 8946.982539 179229.885054 125177.355022 63642.816049 233191.415521 7381.892227 140840.334849 26725.542531 5135.224682 365843.683918 179700.773417 930.282866 14350.555074 1812187.917813 278057.884997 278327.183715 71879.948899 330652.594222 146314.006512 16995.689656 879212.752051 3179.067227 6300.279795 150256.280117 327192.333588 236462.234203 194932.162391 1785.197678 1092.730603 30324.016473 68856.828818 9373.93309 5443.801707 1213.742018 19866.157486 4616.09401 194898.843937 3761975.743663 5978859.893984 13405852.454455 7173320.260219 406593.119714 3763938.365416 9881.539595 28437.211511 839482.067317 4630065.802199 0.000301 0.11915 0.000301 6676979.6439 218831.19498 3770981.225799 811657.206813 4094524.39723 3008720.94565 3346434.735877 47632.825755 71668.73146 87340060.802465 137356.849387 4415055.425708 0 2798415124.86013 0.483769 10.516157 65.590909 2.769179 1791.422304 1.395294
18250 712600.156986 1381877.510129 78059.112911 216832.766177 13020.428876 272073.121143 111912.530845 35582.054964 11266.318327 68267.771654 33051.286179 2846.236077 23296.2026 500070.695252 172546.742726 1744.456628 100311.874689 292824.243105 552210.028602 62591.236647 5710429.684106 139598.005232 171232.257652 1696388.048614 9571.647188 188738.614793 133987.83291 66159.702707 243977.679881 7824.846412 148341.306198 29211.687293 5483.147686 383872.828023 182666.840511 1007.687114 15605.249484 1953006.711655 294611.025382 294755.563802 77348.121519 342982.521964 152171.58473 17874.582831 917971.676233 3179.067227 6300.279795 150256.280117 341266.971724 249045.462007 205740.541648 1785.197678 1092.734715 30268.625027 68782.448059 9373.807871 5443.798909 1285.043529 47538.077783 11602.57377 196594.296654 3764333.173261 5979688.716074 13404787.357441 7174714.207912 404393.734134 3801455.471763 32467.999082 81498.62428 841466.905209 4625422.121937 0.000301 0.116964 0.000301 6676520.62435 218088.388969 4900074.653272 1055044.275413 3894283.48214 3003784.711628 2980945.229622 38091.837425 70122.034934 87432270.319112 110479.866191 4213713.620448 0 2809622070.15539 0.470493 13.553667 60.090909 2.776253 1776.99518 1.396214
18323 719424.777926 1475025.847841 81659.676097 220408.922995 13554.170279 278749.130708 94862.516478 36753.808734 11774.195968 71301.565049 34723.615169 2934.570715 25833.382999 541657.276485 179349.655652 1872.540159 103360.437324 309095.412585 563679.377109 69800.502729 5870949.134968 101993.334801 148412.12533 1759140.489562 10037.303432 153985.928845 140663.992601 66858.830403 248495.329915 8110.497423 153487.472058 31153.656201 5702.692544 387182.325413 184090.000843 1057.009964 11406.769833 1410407.64668 228981.891884 242219.929436 65972.051381 350257.478442 155436.91028 18413.717026 942151.19184 3179.067227 6300.279795 150256.280117 350058.334365 256559.09636 210172.412718 1785.197678 1092.740766 30268.625027 68782.448059 9373.807871 5443.798909 1005.362855 37171.53131 8894.327406 196266.475853 3765273.677296 5980819.667394 13401567.738754 7142506.675141 399147.844328 3823743.500046 21234.908281 47868.358197 853889.818655 4623350.490955 0.000301 0.115121 0.000301 6676771.441815 217557.7827 4695917.906896 1056486.694601 3028520.788875 2931703.251437 2320633.36735 25892.564436 66174.640138 87488002.608963 80241.206367 3194182.354473 0 2811600203.52844 0.508814 13.34909 61.590909 2.781802 1769.015848 1.396329
18396 733600.222111 1558381.459207 84895.33963 226295.408509 14032.049382 286143.108051 94419.638494 35950.011004 12249.044047 73986.257911 30250.87281 3011.400546 29503.151976 560436.424719 202449.30383 1985.13138 73739.219274 205303.466452 417805.673008 75724.660805 6005742.820732 108612.589839 152652.005903 1820621.79216 10432.693576 161618.774231 146566.394494 67734.799303 253841.557325 8313.959083 142091.472831 23327.191399 5841.783538 395417.626773 185324.733482 1101.509598 12338.540206 1510029.973059 242439.535948 251341.628821 61791.063273 352928.479963 158755.349004 18940.816036 965943.172614 3179.067227 6300.279795 150256.280117 344539.158792 262632.456704 214544.599943 1656.675002 1092.746883 33191.903475 75001.731832 9401.488487 5460.28947 1064.752854 30714.151685 7306.299493 195835.761401 3765778.595681 5981006.408002 13397767.486155 7107885.519774 393369.516187 3844098.821826 15865.096426 37640.832245 860673.315772 4621167.75812 0.000301 0.116322 0.000301 6676849.394307 217093.560251 4529555.331463 920986.179643 3958485.053204 2855715.309699 2365735.464068 33778.893015 62139.395089 87554592.57502 106326.242703 2534870.457888 0 2811885701.976 0.537666 4.31593 67.409091 2.779678 1944.1157 1.396176
18469 748631.491383 1681499.897398 77109.029229 188256.45978 12225.997239 304538.051297 102275.009064 37006.497822 10711.811183 65875.921402 29888.068053 2639.881985 24897.133632 523500.454368 177230.169694 1396.243517 82066.582491 236188.513147 466750.161393 82860.570804 6173369.014651 118050.347818 161129.95671 1492059.93237 8240.662782 169512.36036 120483.214713 58461.759582 208730.550179 7368.987878 144276.30925 25416.312132 5996.618778 332291.965423 171667.158836 957.947094 13371.882599 1642134.866175 257538.151792 261101.62419 66958.180352 308448.593456 136396.830686 15604.734674 789253.563756 3235.382136 6446.542212 168664.740231 300752.147202 224858.497411 188271.643243 1656.65101 1111.356916 32884.449077 74563.394088 9401.240309 5459.752133 1130.812172 24603.740114 5808.791271 198762.72267 3764775.931979 5971939.790666 13394345.28093 7088900.268541 389452.451153 3884234.728253 12233.592842 31664.933104 838952.474207 4617692.070617 0.000301 0.119133 0.000301 6675721.76784 216449.273177 2734121.982197 811043.446141 4031804.164907 2849517.495124 3163085.022448 51601.084954 58662.409612 87699636.293583 141373.781348 3026549.548663 0 2819972643.23379 0.58878 4.636603 69.772727 2.784986 1961.648408 1.395623
18542 688747.11078 1457713.649348 76193.4812 212347.41581 13094.708285 273671.003241 110171.596147 36120.011407 10590.187157 64420.821303 31841.590481 2716.119229 23157.816364 501802.473281 161707.150227 1577.343713 92806.028113 268725.478189 513685.109065 71427.345609 5751630.557527 130314.9142 171432.790077 1602703.637126 8999.386301 179285.969641 129839.609499 63925.001272 230126.846637 7868.390191 146193.588667 27923.521345 5155.434038 368206.896486 180369.043241 1107.687234 14570.928312 1807748.650947 276591.971643 273637.292297 73135.26323 322293.345337 146207.515487 17026.673934 848984.630439 3185.236641 6205.595681 150796.74001 316688.156607 237363.962133 194106.288964 1429.294344 1109.089548 32435.149747 73940.496705 9156.148419 5318.837047 1212.510985 19878.437094 4620.853043 202223.192284 3758883.275342 5936478.306739 13383123.898223 7073510.620202 387374.099073 3941226.129465 9808.54404 28074.038087 801597.226443 4611859.58331 0.000301 0.121653 0.000301 6673740.560413 215520.86922 4444948.317477 868183.276705 5363092.595292 2837853.194121 3666566.601061 56554.707266 61886.724096 87851426.023074 162657.625034 3899598.249603 0 2834920257.42659 0.488686 10.629002 65.545455 2.794838 1922.375855 1.392224
18615 729582.150214 1406331.118298 82666.368679 221629.365595 14203.501689 283118.022759 117299.881117 37638.517511 11374.394942 68273.93051 33889.274317 2850.130642 23157.816364 501802.473281 161707.150227 1762.326596 99627.107248 293342.548163 547059.331086 62911.773945 5783301.914062 139972.189157 182856.031457 1697500.359588 9638.829042 189862.951466 138932.136795 66405.452662 241675.660627 8374.119711 152802.435452 30601.067123 5498.249485 387271.370826 183290.085375 1205.397954 15813.65154 1948506.530573 292953.648765 287283.519414 78920.664296 333808.368178 152333.563982 17936.63844 887809.573158 3185.236641 6205.595681 150796.74001 330892.583896 250176.689248 204958.280341 1429.294344 1109.093777 32377.361888 73863.19624 9156.021821 5318.834236 1283.780231 47431.536533 11574.097867 205714.107812 3763269.266873 5942651.576213 13384652.600765 7089317.948086 383731.673817 3981569.653928 32546.023077 80045.068082 797725.679544 4607310.32688 0.000301 0.118633 0.000301 6672953.50421 214729.976791 3899155.779856 921102.337797 3577714.984648 2867470.509041 3034495.562035 37947.47296 69215.049525 87948485.776412 102891.596395 4260548.478339 0 2849351505.2919 0.476278 13.680049 60.181818 2.798954 1907.251752 1.394936
18688 739550.351851 1511651.560336 86849.019033 225684.967399 14844.217768 290555.306041 99654.095693 38939.972922 11923.301991 71493.052731 35735.3463 2942.885012 25662.280127 543089.115725 169406.89043 1911.780805 102971.143108 309558.822407 558570.84404 71191.891457 5945973.942978 102944.519 160089.758109 1763368.57258 10148.177606 156124.722355 146104.491372 66824.532825 245396.999011 8785.201676 157966.389338 32745.654529 5719.911936 390458.278383 185105.611061 1260.034402 11660.772748 1410076.002062 228807.064438 237313.713025 67586.15624 342110.008383 155417.179635 18440.529428 909635.993355 3185.236641 6205.595681 150796.74001 340590.595263 258295.632691 209958.068076 1429.294344 1109.099653 32377.361888 73863.19624 9156.021821 5318.834236 1006.573017 36779.770152 8799.529562 205235.094379 3763846.279547 5945263.501653 13381108.544101 7059521.499676 383759.82921 4003552.659842 21030.411051 46215.223302 806730.809037 4605316.644869 0.000301 0.115608 0.000301 6673111.585423 214187.950957 4158739.754915 995920.075355 2782722.929439 2799316.367652 2357725.481814 25786.014825 65337.951795 88003619.233042 76887.378312 3251163.474714 0 2851765144.21795 0.514781 13.472289 61.545455 2.800707 1897.941072 1.395138
18761 756596.082531 1598938.775294 90411.298823 231887.613226 15387.316506 298930.962608 98762.870469 37997.632959 12415.200348 74218.307284 31189.354216 3020.078685 28980.802603 560407.724185 190664.953913 2033.246436 73800.600235 205612.859909 415234.09783 77829.441577 6080124.465952 109766.997212 164165.614333 1824092.156553 10561.13373 164390.986821 152213.873197 67505.544003 250098.714054 9088.478947 143175.679859 24602.148552 5856.92864 399192.491967 186573.695587 1313.805606 12627.120605 1509561.53154 243264.882827 245880.960247 63207.04365 345859.443935 158680.482352 18964.583066 932521.693623 3185.236641 6205.595681 150796.74001 335634.967878 264507.995577 214654.54712 1313.282087 1109.10589 35485.959029 80510.009744 9183.197464 5335.030566 1066.053389 30370.71768 7221.614145 204786.284613 3763552.386125 5943737.41622 13376028.594225 7026250.818195 383035.34785 4023452.481222 15741.931626 36790.360313 807724.168226 4603275.928657 0.000301 0.113852 0.000301 6673102.814505 213696.36392 4143063.689002 870858.080369 3657819.663474 2716745.150037 2360160.560231 33921.615072 61354.866079 88067089.121222 105653.695503 2589829.998771 0 2852262124.31178 0.543253 4.363843 67.454545 2.803136 2084.033028 1.394686
18834 778422.250495 1723840.534148 82174.432834 191793.366225 13383.529207 319216.027361 106905.054768 39140.626303 10840.640935 66062.174818 30777.281666 2646.019716 24489.874055 523165.287342 166744.713631 1444.338914 82514.482362 236808.290974 463292.737904 85749.470382 6238601.5024 119400.790671 173348.58748 1504404.765193 8332.132945 172853.524108 124987.594866 58244.181725 204866.798052 8105.611241 145322.814252 26791.075537 6011.058159 336247.125149 172895.366516 1128.904326 13658.10517 1642997.016898 259586.926115 254698.788942 68496.260949 302428.108679 136039.464078 15638.367558 762045.968773 3241.737392 6355.039281 168666.223042 291966.869946 226151.297233 188547.379694 1313.270508 1128.104782 35172.087794 80063.031264 9182.956477 5334.532258 1133.046028 24458.29305 5770.768586 207886.361994 3757338.477621 5925408.844907 13366093.643013 6989905.387435 384225.442586 4065026.016315 12134.910477 31198.274238 780664.523317 4599664.701698 0.000301 0.112999 0.000301 6671705.743274 212986.376818 2797855.423141 818893.094189 3912547.500673 2638219.755682 2911068.922061 46479.240465 56903.607506 88203615.161762 130651.324856 2831246.013882 0 2858438237.60912 0.592334 4.692529 69.727273 2.809211 2101.167206 1.393668
18907 777861.864055 1498140.363898 81240.964764 217984.140682 14375.174729 287626.791979 115397.248657 38060.845313 10721.97672 64626.734033 32832.708157 2724.02768 22839.367738 502273.091764 151663.628393 1626.520929 93920.29912 270329.184129 527037.041898 74555.205141 5863341.632525 132141.672607 184699.173948 1613530.070395 9089.644997 183490.828079 134563.398193 63789.384426 226004.745525 8720.8661 147197.426975 29474.42717 5176.000519 373918.45451 181952.875787 1311.139825 14889.701852 1813025.960234 280347.524154 266300.86826 74890.837201 317136.312331 146026.425495 17107.166119 821658.147552 3191.221032 6116.939274 151051.640554 307676.307562 238636.778343 194798.492966 1113.865554 1125.800338 34674.762449 79375.823629 8937.169014 5193.182451 1217.005256 19718.014111 4580.663445 217439.910742 3762795.75389 5945401.604915 13371785.064052 7037238.680698 387523.421986 4125599.295685 9570.616059 27522.263154 761839.511126 4593143.18587 0.000301 0.112167 0.000301 6669176.742859 211918.439364 4192523.52779 867377.912685 5113650.523497 2566174.373357 3605893.868699 53310.178802 70364.752666 88376277.833054 162115.767231 4583948.778892 0 2879884914.41659 0.499464 10.753483 65.590909 2.80968 2058.835339 1.400482
18980 819256.489562 1444654.930429 88082.147786 227947.877425 15596.319687 297453.171829 122910.003147 39660.394161 11508.064222 68467.615056 34954.769163 2858.054382 22839.367738 502273.091764 151663.628393 1799.88429 101034.762557 295098.404818 558641.039183 69092.727017 5862779.479828 142194.325891 197202.501241 1705587.236968 9721.349792 194644.614434 143775.766809 66104.375598 236866.191214 9307.152262 153619.163406 32291.130684 5523.113389 393393.313256 185101.124126 1427.173167 16190.600216 1953567.23495 297872.888694 278937.697733 80824.104344 329198.319499 152157.290816 18026.776021 859585.327813 3191.221032 6116.939274 151051.640554 321446.176059 251389.285861 205851.203725 1113.865554 1125.804565 34615.238055 79296.457414 8937.052741 5193.179893 1287.982525 46742.113293 11414.570089 221010.584973 3765523.898724 5948652.902449 13371246.172098 7062456.545424 389063.864695 4166065.956496 31681.396748 76366.479548 747441.004133 4588307.19647 0.000301 0.111674 0.000301 6668098.972238 211061.629442 4798777.728629 1030594.451661 4352023.027245 2611104.920497 3198887.815827 44394.06226 74468.814211 88479416.915035 126063.562686 4602314.226754 0 2894273622.7958 0.484235 13.760064 60.181818 2.812747 2044.326925 1.402121
19053 829351.454605 1557462.614581 92339.217976 233653.198597 16399.919631 306648.496254 104701.026642 41023.71634 12083.615742 71593.285573 36865.943238 2952.819778 25236.104521 543092.799519 160672.478798 1944.15195 104853.472874 313436.239675 572802.618766 78786.495287 6023238.599227 104762.102356 172889.149838 1771095.93275 10231.04763 159656.044893 151296.710948 66327.656315 241568.139069 9792.247793 158548.294908 34720.046632 5746.248939 397784.651505 187006.64577 1506.979812 11923.440881 1415358.591158 232785.494835 230856.712543 69488.546188 337159.049997 155914.66909 18628.148084 884703.498364 3191.221032 6116.939274 151051.640554 330996.011206 259764.972007 211117.815889 1113.865554 1125.810149 34615.238055 79296.457414 8937.052741 5193.179893 1009.847609 35381.055741 8447.788625 221428.613946 3767811.791965 5956533.052343 13370965.028878 7041243.863738 388779.058653 4191001.194113 20373.908728 43923.309981 745390.042256 4585804.998803 0.000301 0.111207 0.000301 6667718.543757 210428.584898 5075599.310064 1079933.006726 3403966.905214 2606630.58904 2545562.417518 28761.638142 70902.153969 88547831.414909 90934.976489 3636250.721981 0 2898452077.9319 0.522749 13.543993 61.5 2.815323 2035.339356 1.403401
19126 848820.180451 1657016.99408 96307.398856 241785.898825 17099.531451 316624.801326 103849.198619 40003.45415 12607.489481 74465.16991 32354.875708 3035.695284 28410.799953 559576.346264 180312.2711 2071.692172 75312.368586 208536.503557 423921.572831 86909.700355 6153771.747868 112300.565725 176984.872107 1834555.06888 10654.190538 168744.501551 157935.239857 66722.918189 247040.115076 10169.642705 140933.043271 26251.674321 5887.87374 407773.294506 188696.457415 1579.730002 12982.442253 1522781.887344 249077.027039 240426.528484 64844.100103 340747.100689 159662.64818 19217.269636 909526.350413 3191.221032 6116.939274 151051.640554 326780.702378 266264.756933 216502.887113 1013.969026 1125.815879 37906.620245 86379.076784 8963.77068 5209.115202 1073.182826 28841.672758 6837.176496 221287.360326 3767375.897229 5953658.54589 13366431.870617 7010048.683883 388022.644175 4213390.800998 14862.152469 35271.815572 739212.486966 4583083.363017 0.000301 0.11113 0.000301 6667325.772004 209850.761169 5667648.655974 985540.350725 4308337.117425 2556918.777823 2540383.441469 36838.725163 66781.106372 88621567.84709 114246.796925 2883559.565974 0 2899848759.21671 0.54954 4.408106 67.454545 2.818801 2232.439999 1.402936
19199 872672.441068 1792996.832531 87705.673655 197357.756746 14868.360229 337452.612188 112720.211566 41291.39267 10981.362895 66443.494944 32078.637784 2658.581959 24178.655396 522921.369541 158504.842343 1465.906522 84092.985847 239930.629336 472169.105698 96201.054774 6317804.412823 122105.877012 187439.949061 1500755.105288 8381.990421 178148.475531 129575.367651 57064.677993 201775.66582 9042.943478 143442.031079 28608.487386 6041.889061 341874.509762 174787.077769 1326.82673 14156.185047 1660678.502228 266925.619741 250718.350034 70277.214806 296619.696542 136334.109634 15755.70737 737616.939662 3247.767057 6276.630311 169588.512517 284021.069086 227201.153352 190295.053769 1013.962845 1145.18481 37553.759559 85877.597568 8963.524778 5208.60637 1142.607646 23247.959294 5464.632741 224512.190465 3764173.728021 5936997.192853 13359447.910306 6988108.76288 388830.993027 4254667.672745 11327.853175 30215.18683 712295.177609 4578910.516324 0.000301 0.111255 0.000301 6665725.432648 209069.300148 2976811.960925 822283.84641 4156402.720316 2562869.587932 3281838.060285 49824.272132 63328.684982 88756949.826423 147342.927291 3212496.871647 0 2907974822.01398 0.599677 4.768737 69.772727 2.824528 2248.196688 1.402215
19272 930921.536566 1559957.928992 85918.672701 223416.971091 15988.13188 303772.678639 121887.726624 40002.42383 10832.415893 65075.95346 34365.634293 2735.608521 22645.796154 502906.18575 144781.453218 1645.105215 95600.15049 273652.429927 524621.19081 83677.057218 5918844.863759 134888.909755 199867.938585 1604107.444816 9113.475065 189435.572823 139290.139362 62168.551516 222577.022375 9711.286233 145429.022374 31425.108604 5198.73563 380524.995287 184099.395543 1541.226265 15496.35377 1834544.875687 289195.369102 263264.209476 76684.467162 310243.741327 146518.974371 17283.052561 797394.118966 3197.206543 6043.153962 151737.190496 298987.758936 239312.69423 196913.317984 846.315798 1142.842994 37026.958394 85148.59477 8717.561223 5067.118808 1228.347777 18899.065763 4374.346292 231544.456303 3760306.173332 5917346.870061 13352456.770816 7001605.906018 391471.671695 4315846.584584 8937.889189 26768.136379 676705.884948 4572055.274494 0.000301 0.111299 0.000301 6663004.39829 207905.329488 3694394.975475 791684.397228 4798808.960704 2567923.346921 3801245.129987 57845.891272 72128.790544 88909910.556106 163948.065035 4514754.526389 0 2927804803.92053 0.508751 10.908706 65.636364 2.830989 2204.214394 1.402672
19345 977043.894912 1494559.48393 93309.56176 233975.464382 17352.09446 313006.868878 130047.270468 41781.290827 11604.114595 69101.729114 36783.419239 2870.38556 22645.796154 502906.18575 144781.453218 1819.729491 102685.839717 298173.02259 554688.01498 83249.245018 5875449.543399 145050.125867 213549.809986 1693101.33372 9724.092843 201473.323503 148710.819147 63886.13304 233015.187201 10358.677413 152003.105221 34411.08772 5550.760134 399900.92953 187453.79062 1672.40846 16925.342118 1979358.322288 308275.909894 276915.921303 82679.83638 321217.365178 152607.365534 18193.094301 833671.942125 3197.206543 6043.153962 151737.190496 312177.639359 251598.245206 208416.640257 846.315798 1142.846677 36962.818354 85063.062199 8717.438513 5067.116129 1301.523514 46785.537073 11426.704536 234757.084392 3762126.861654 5915543.329554 13349868.038067 7012069.655978 392769.987935 4355872.327881 31064.550758 75890.349768 652487.960429 4566823.650027 0.000301 0.111179 0.000301 6661740.932723 206966.223636 4627683.754114 991677.77157 4027032.205018 2597654.059306 3058420.360636 39900.174125 73792.2055 88997987.246457 114507.002706 4466716.049769 0 2941193071.29999 0.48919 13.766728 60.181818 2.837745 2189.339884 1.403397
19418 986473.029239 1606694.153794 97576.708401 237923.176991 18196.752226 322073.885136 110295.570196 43193.682693 12153.42937 72218.96839 38766.163272 2962.10173 24946.448913 543301.212993 155834.813818 1956.857648 105842.621679 315482.863734 566158.393043 94344.121286 6022422.857276 106151.276898 186755.727716 1754115.744695 10209.070305 164304.091718 156261.946923 63760.281444 236269.478113 10809.785769 156267.586402 36857.247025 5768.93329 403885.864216 189291.159402 1755.968912 12453.103506 1428323.500382 239314.62618 228234.267819 70907.915068 328702.531747 156021.98034 18742.159672 855793.254576 3197.206543 6043.153962 151737.190496 320839.528913 259671.016619 213733.467982 846.315798 1142.852326 36962.818354 85063.062199 8717.438513 5067.116129 1016.837484 35887.842475 8583.635746 233806.231938 3763673.521755 5918510.22291 13347860.809632 6981215.929806 393015.146351 4383161.298697 20103.539897 44185.581051 645468.408514 4564167.776634 0.000301 0.111017 0.000301 6661263.437939 206326.911347 4881382.095967 1017279.178096 3312076.324199 2558731.416708 2414214.506389 27107.186736 69698.505873 89053122.441556 85474.933891 3412854.441207 0 2943857273.8879 0.528433 13.551324 61.545455 2.8436 2180.797091 1.403639
19491 1005075.289514 1704942.733077 101248.042932 244198.615935 18943.357437 332554.550655 108709.240661 41864.09992 12639.087854 74924.573073 33792.754258 3039.645871 28631.366339 563161.507352 176399.54082 2070.155793 75424.727656 209188.458598 420378.463355 103059.503749 6142240.981081 113342.428977 190089.493956 1810872.803859 10594.175251 172809.986432 162674.342149 63920.853409 240524.82477 11125.953168 135348.4407 27792.03173 5905.692152 414031.975308 190863.679225 1840.363948 13479.804935 1530834.173682 255270.806438 236641.589237 65462.668831 332206.539003 159673.0207 19325.297169 879482.799843 3197.206543 6043.153962 151737.190496 316425.834812 266005.150876 218995.715822 762.492571 1142.858274 40468.250137 92637.940188 8743.763698 5082.821452 1077.742955 29446.063171 6999.58789 233008.44065 3763500.037735 5917725.677422 13344339.075814 6946716.635421 392652.818422 4409195.688239 15033.367291 35667.531834 636870.772176 4561276.753856 0.000301 0.11109 0.000301 6660596.608528 205723.757839 4201113.90327 856594.186995 3539705.876495 2499006.356049 2515533.081767 33389.413949 65538.357762 89119997.051564 105661.664684 2737614.259502 0 2944762276.99922 0.556973 4.474128 67.409091 2.847958 2392.11982 1.403216
19564 1020910.072312 1837524.184077 91767.968512 196792.028902 16409.913661 353257.48374 117489.102771 43105.4285 10986.624224 66627.188009 33339.190745 2656.939536 24592.749206 530825.529233 155072.49832 1449.698649 83367.936108 239151.591748 468609.985806 113006.713665 6290432.910059 122608.69688 200765.033232 1464066.118698 8313.401595 181572.563364 133232.452255 54606.024331 195334.004454 9748.906832 137315.862886 30141.094635 6053.164881 345318.047618 176573.993946 1509.9333 14614.487537 1660017.963472 272300.155029 245543.131323 70592.251951 289195.420553 136023.003289 15755.698946 710086.62389 3253.447158 6201.817435 169841.320377 274996.432726 226938.514977 192051.734422 762.488574 1162.587295 40124.880327 92149.516016 8743.532456 5082.33157 1142.971238 23863.945037 5631.579069 235934.992922 3764552.951414 5912719.209068 13342332.289039 6932637.073837 393808.625012 4453228.418361 11629.644696 30673.73481 610420.528398 4556717.352124 0.000301 0.111301 0.000301 6658705.977473 204894.132948 3301997.598472 838985.943688 4428114.576515 2438768.670825 3471427.087422 55661.170987 63759.463899 89248090.985852 160719.937066 3287054.574673 0 2953785704.82773 0.607906 4.848783 69.727273 2.852768 2409.381773 1.403459
19637 1106722.662435 1594218.703862 88738.502973 219340.662875 17509.079957 316696.892368 126407.198242 41457.241182 10779.713356 65010.805312 35582.755421 2724.723713 22970.305972 511268.033063 141936.303515 1625.035804 93470.489748 269853.41762 520340.774493 97261.491124 5897122.277594 134588.437314 213574.522965 1559251.613862 8999.293963 192105.914826 142660.636928 58765.250357 212822.397473 10365.684879 138576.340079 32932.534824 5204.773339 379581.614109 185720.732762 1721.620389 15947.94485 1818722.529702 293084.222327 256806.021986 76633.326277 301722.554525 145209.706641 17091.668433 760320.037973 3203.293368 5980.967927 151446.670642 288566.968249 238558.765696 197807.448134 626.456637 1160.208895 39613.036728 91438.426949 8497.909883 4941.018951 1221.667901 19486.533756 4534.484086 243450.82026 3765587.319693 5917196.134778 13343921.798564 6961902.116986 396805.899148 4512891.740579 9207.114794 27255.389557 577185.400657 4549858.382221 0.000301 0.111395 0.000301 6655847.459013 203741.651711 4573145.678774 861071.230367 5337068.501819 2446706.878897 4188941.703716 66762.44705 71695.2132 89396858.437014 187420.772131 4575636.519215 0 2973626843.79262 0.520802 11.095471 65.545455 2.857936 2366.57187 1.4064
19710 1155319.537361 1517846.456731 96054.976016 228404.821947 19046.312859 326814.166683 134938.388528 43213.626984 11557.949836 68877.002137 37938.337017 2857.738416 22970.305972 511268.033063 141936.303515 1801.369324 100381.16057 295172.41964 550467.136183 98500.317107 5825201.43733 144759.7806 228052.189839 1644616.840805 9612.860072 203688.309786 152226.335004 60475.660092 222672.360323 11030.777336 143974.816595 36074.131973 5559.429458 401014.89978 188939.490429 1880.6065 17331.020117 1962044.180539 312314.433362 269348.971386 82663.354217 312832.402114 151610.487946 18059.466338 797363.644022 3203.293368 5980.967927 151446.670642 301233.138718 251396.548094 209546.525232 626.456637 1160.212592 39547.149983 91350.422798 8497.785338 4941.016259 1294.062644 46819.881229 11453.547474 246570.147678 3768059.493992 5914268.13603 13342350.411881 6984292.828919 398713.968533 4559778.123056 31631.219265 76257.611666 555389.240572 4544318.486276 0.000301 0.111359 0.000301 6654073.555683 202729.363452 3736028.771258 881124.622336 3594754.128474 2512995.176794 3046603.546353 39061.017212 75908.090029 89492861.796066 106326.609626 4735957.812227 0 2989217612.54604 0.497121 13.811175 60.318182 2.865357 2351.482062 1.407237
19783 1165168.954315 1626179.1046 100455.935957 234828.109922 19931.059654 335902.269897 114380.723617 44618.996935 12079.07568 71996.232606 39995.544915 2946.410582 25405.273703 552205.148589 155750.446432 1936.521164 103611.240023 311491.332674 561200.360335 111786.431976 5960968.730323 106050.169304 200265.608507 1701976.913215 10083.628028 166692.305372 159402.17205 60795.141838 225875.202711 11492.652021 147928.688414 38505.279598 5776.10245 404840.458885 190712.473428 1968.31305 12857.527115 1418847.071852 242320.532051 223076.747254 71023.955015 319203.737151 154744.118115 18578.432448 817519.074054 3203.293368 5980.967927 151446.670642 309164.52033 259203.442237 214932.540661 626.456637 1160.218602 39547.149983 91350.422798 8497.785338 4941.016259 1014.693929 36521.014883 8762.997335 244909.658043 3768509.993551 5916001.572841 13339586.57331 6951354.07285 398590.953441 4584541.039289 20844.06848 45152.400008 552459.727474 4541615.181204 0.000301 0.11124 0.000301 6653470.647958 202081.767428 4501655.314019 964711.926067 2960485.255253 2476062.336856 2339176.546666 25447.883191 71746.776188 89544080.243655 79961.043936 3463539.248136 0 2991004837.95005 0.536407 13.52618 61.590909 2.87265 2343.062389 1.407141
19856 1185449.231721 1725782.310932 104410.725311 244074.525377 20741.682311 346064.115628 112438.829647 43236.737656 12556.231644 74802.809325 35049.388097 3023.540225 28741.011554 571365.306381 176705.636383 2055.058628 74227.590353 206926.440395 416706.700349 122901.80829 6079674.827239 112969.612569 203750.331333 1757918.526732 10468.966025 176000.2796 165699.105721 61352.680477 229974.147925 11843.028098 125517.629519 29091.818185 5916.600772 413906.90431 192316.25703 2051.539109 13975.485901 1520700.879364 258369.79731 232042.785044 65603.808769 322063.340035 158044.731185 19105.511484 838114.39034 3203.293368 5980.967927 151446.670642 304981.046202 265511.753768 220250.754879 556.941055 1160.224536 43266.104594 99433.331475 8523.762484 4956.519881 1075.376637 30052.248201 7167.106393 243188.751305 3768525.156244 5916073.694547 13336179.775542 6915637.321282 398004.652182 4607743.171156 15509.408628 36174.07784 550275.273893 4538667.612278 0.000301 0.111316 0.000301 6652726.520811 201451.865182 5232948.947521 928656.966048 3744937.186435 2419667.485989 2437652.820553 32878.411395 67481.274623 89607650.526241 107615.607251 2681132.038188 0 2991174204.92603 0.567354 4.524091 67.409091 2.872127 2567.360739 1.406685
19929 1196657.59277 1862902.008609 94968.402724 199214.493527 18045.781109 368560.792754 121756.146927 44520.112175 10965.083078 66697.762424 34643.884082 2651.650124 24545.537687 537675.358606 154396.194906 1456.260649 82745.707607 237743.133382 465043.884429 135852.798647 6227753.918269 122532.106445 215761.704807 1427182.182598 8260.287882 185563.564259 136002.348197 53117.443638 188938.851303 10368.392694 127588.085997 31611.243256 6071.392766 347398.082624 177938.177128 1677.411855 15196.41465 1653531.499824 276103.578424 241456.163252 70878.249613 281105.633863 135582.988882 15738.757989 684680.987727 3259.067283 6134.664347 169709.715707 265947.495845 227417.971015 193746.605821 556.93788 1180.306712 42888.134027 98897.815196 8523.525554 4956.033507 1142.404598 24173.779 5725.391883 245944.162801 3767899.98074 5907323.232306 13333419.292599 6890651.352991 399267.559248 4651626.515775 11914.965945 30918.990345 527781.506325 4533881.718365 0.000301 0.111589 0.000301 6650526.712268 200542.559158 3404417.95365 832197.308191 4354149.904886 2397884.990821 3340339.139702 51488.561211 62799.710392 89743166.366933 150849.495885 3091899.720756 0 2998775362.37207 0.614705 4.906474 69.727273 2.877203 2581.117818 1.406534
